CTID_FIVETRAN_ID,ID,ORDER_ID,PRODUCT_ID,QUANTITY,UNIT_PRICE,DISCOUNT_PCT,LINE_TOTAL,CREATED_AT,_FIVETRAN_DELETED,_FIVETRAN_SYNCED,DEMO_BATCH_ID
TBD_OI_000500,500,100,101,1,189.99,0.00,189.99,2025-03-15 10:00:00.000,FALSE,2026-05-15 14:57:13.462 -0700,DEMO_2026_SCENARIOS
TBD_OI_001000,1000,200,101,1,189.99,0.00,189.99,2025-05-01 10:00:00.000,FALSE,2026-05-15 14:57:13.462 -0700,DEMO_2026_SCENARIOS
TBD_OI_001500,1500,300,103,1,34.99,0.00,34.99,2025-03-05 10:00:00.000,FALSE,2026-05-15 14:57:13.462 -0700,DEMO_2026_SCENARIOS
DEMO_OI000001,90001,90001,101,1,49.99,0.00,49.99,2025-06-02 00:00:00.000,FALSE,2026-05-15 14:57:25.576 -0700,DEMO_2026_SCENARIOS
DEMO_OI000002,90002,90002,101,1,49.99,0.00,49.99,2025-06-03 00:00:00.000,FALSE,2026-05-15 14:57:25.576 -0700,DEMO_2026_SCENARIOS
DEMO_OI000003,90003,90003,101,1,49.99,0.00,49.99,2025-06-04 00:00:00.000,FALSE,2026-05-15 14:57:25.576 -0700,DEMO_2026_SCENARIOS
DEMO_OI000004,90004,90004,101,1,49.99,0.00,49.99,2025-06-05 00:00:00.000,FALSE,2026-05-15 14:57:25.576 -0700,DEMO_2026_SCENARIOS
DEMO_OI000005,90005,90005,101,1,49.99,0.00,49.99,2025-06-06 00:00:00.000,FALSE,2026-05-15 14:57:25.576 -0700,DEMO_2026_SCENARIOS
DEMO_OI000006,90006,90006,101,1,49.99,0.00,49.99,2025-06-07 00:00:00.000,FALSE,2026-05-15 14:57:25.576 -0700,DEMO_2026_SCENARIOS
DEMO_OI000007,90007,90007,101,1,49.99,0.00,49.99,2025-06-08 00:00:00.000,FALSE,2026-05-15 14:57:25.576 -0700,DEMO_2026_SCENARIOS
DEMO_OI000008,90008,90008,101,1,49.99,0.00,49.99,2025-06-09 00:00:00.000,FALSE,2026-05-15 14:57:25.576 -0700,DEMO_2026_SCENARIOS
DEMO_OI000009,90009,90009,101,1,49.99,0.00,49.99,2025-06-10 00:00:00.000,FALSE,2026-05-15 14:57:25.576 -0700,DEMO_2026_SCENARIOS
DEMO_OI000010,90010,90010,101,1,49.99,0.00,49.99,2025-06-11 00:00:00.000,FALSE,2026-05-15 14:57:25.576 -0700,DEMO_2026_SCENARIOS
DEMO_OI000011,90011,90011,101,1,49.99,0.00,49.99,2025-06-12 00:00:00.000,FALSE,2026-05-15 14:57:25.576 -0700,DEMO_2026_SCENARIOS
DEMO_OI000012,90012,90012,101,1,49.99,0.00,49.99,2025-06-13 00:00:00.000,FALSE,2026-05-15 14:57:25.576 -0700,DEMO_2026_SCENARIOS
DEMO_OI000013,90013,90013,101,1,49.99,0.00,49.99,2025-06-14 00:00:00.000,FALSE,2026-05-15 14:57:25.576 -0700,DEMO_2026_SCENARIOS
DEMO_OI000014,90014,90014,101,1,49.99,0.00,49.99,2025-06-15 00:00:00.000,FALSE,2026-05-15 14:57:25.576 -0700,DEMO_2026_SCENARIOS
DEMO_OI000015,90015,90015,101,1,49.99,0.00,49.99,2025-06-16 00:00:00.000,FALSE,2026-05-15 14:57:25.576 -0700,DEMO_2026_SCENARIOS
DEMO_OI000016,90016,90016,101,1,49.99,0.00,49.99,2025-06-17 00:00:00.000,FALSE,2026-05-15 14:57:25.576 -0700,DEMO_2026_SCENARIOS
DEMO_OI000017,90017,90017,101,1,49.99,0.00,49.99,2025-06-18 00:00:00.000,FALSE,2026-05-15 14:57:25.576 -0700,DEMO_2026_SCENARIOS
DEMO_OI000018,90018,90018,101,1,49.99,0.00,49.99,2025-06-19 00:00:00.000,FALSE,2026-05-15 14:57:25.576 -0700,DEMO_2026_SCENARIOS
DEMO_OI000019,90019,90019,101,1,49.99,0.00,49.99,2025-06-20 00:00:00.000,FALSE,2026-05-15 14:57:25.576 -0700,DEMO_2026_SCENARIOS
DEMO_OI000020,90020,90020,101,1,49.99,0.00,49.99,2025-06-21 00:00:00.000,FALSE,2026-05-15 14:57:25.576 -0700,DEMO_2026_SCENARIOS
DEMO_OI000021,90021,90021,101,1,49.99,0.00,49.99,2025-06-22 00:00:00.000,FALSE,2026-05-15 14:57:25.576 -0700,DEMO_2026_SCENARIOS
DEMO_OI000022,90022,90022,101,1,49.99,0.00,49.99,2025-06-23 00:00:00.000,FALSE,2026-05-15 14:57:25.576 -0700,DEMO_2026_SCENARIOS
DEMO_OI000023,90023,90023,101,1,49.99,0.00,49.99,2025-06-24 00:00:00.000,FALSE,2026-05-15 14:57:25.576 -0700,DEMO_2026_SCENARIOS
DEMO_OI000024,90024,90024,101,1,49.99,0.00,49.99,2025-06-25 00:00:00.000,FALSE,2026-05-15 14:57:25.576 -0700,DEMO_2026_SCENARIOS
DEMO_OI000025,90025,90025,101,1,49.99,0.00,49.99,2025-06-26 00:00:00.000,FALSE,2026-05-15 14:57:25.576 -0700,DEMO_2026_SCENARIOS
DEMO_OI000026,90026,90026,101,1,49.99,0.00,49.99,2025-06-27 00:00:00.000,FALSE,2026-05-15 14:57:25.576 -0700,DEMO_2026_SCENARIOS
DEMO_OI000027,90027,90027,101,1,49.99,0.00,49.99,2025-06-28 00:00:00.000,FALSE,2026-05-15 14:57:25.576 -0700,DEMO_2026_SCENARIOS
DEMO_OI000028,90028,90028,101,1,49.99,0.00,49.99,2025-06-29 00:00:00.000,FALSE,2026-05-15 14:57:25.576 -0700,DEMO_2026_SCENARIOS
DEMO_OI000029,90029,90029,101,1,49.99,0.00,49.99,2025-06-30 00:00:00.000,FALSE,2026-05-15 14:57:25.576 -0700,DEMO_2026_SCENARIOS
DEMO_OI000030,90030,90030,101,1,49.99,0.00,49.99,2025-07-01 00:00:00.000,FALSE,2026-05-15 14:57:25.576 -0700,DEMO_2026_SCENARIOS
DEMO_OI000031,90031,90031,101,1,49.99,0.00,49.99,2025-07-02 00:00:00.000,FALSE,2026-05-15 14:57:25.576 -0700,DEMO_2026_SCENARIOS
DEMO_OI000032,90032,90032,101,1,49.99,0.00,49.99,2025-07-03 00:00:00.000,FALSE,2026-05-15 14:57:25.576 -0700,DEMO_2026_SCENARIOS
DEMO_OI000033,90033,90033,101,1,49.99,0.00,49.99,2025-07-04 00:00:00.000,FALSE,2026-05-15 14:57:25.576 -0700,DEMO_2026_SCENARIOS
DEMO_OI000034,90034,90034,101,1,49.99,0.00,49.99,2025-07-05 00:00:00.000,FALSE,2026-05-15 14:57:25.576 -0700,DEMO_2026_SCENARIOS
DEMO_OI000035,90035,90035,101,1,49.99,0.00,49.99,2025-07-06 00:00:00.000,FALSE,2026-05-15 14:57:25.576 -0700,DEMO_2026_SCENARIOS
DEMO_OI000036,90036,90036,101,1,49.99,0.00,49.99,2025-07-07 00:00:00.000,FALSE,2026-05-15 14:57:25.576 -0700,DEMO_2026_SCENARIOS
DEMO_OI000037,90037,90037,101,1,49.99,0.00,49.99,2025-07-08 00:00:00.000,FALSE,2026-05-15 14:57:25.576 -0700,DEMO_2026_SCENARIOS
DEMO_OI000038,90038,90038,101,1,49.99,0.00,49.99,2025-07-09 00:00:00.000,FALSE,2026-05-15 14:57:25.576 -0700,DEMO_2026_SCENARIOS
DEMO_OI000039,90039,90039,101,1,49.99,0.00,49.99,2025-07-10 00:00:00.000,FALSE,2026-05-15 14:57:25.576 -0700,DEMO_2026_SCENARIOS
DEMO_OI000040,90040,90040,101,1,49.99,0.00,49.99,2025-07-11 00:00:00.000,FALSE,2026-05-15 14:57:25.576 -0700,DEMO_2026_SCENARIOS
DEMO_OI000041,90041,90041,101,1,49.99,0.00,49.99,2025-07-12 00:00:00.000,FALSE,2026-05-15 14:57:25.576 -0700,DEMO_2026_SCENARIOS
DEMO_OI000042,90042,90042,101,1,49.99,0.00,49.99,2025-07-13 00:00:00.000,FALSE,2026-05-15 14:57:25.576 -0700,DEMO_2026_SCENARIOS
DEMO_OI000043,90043,90043,101,1,49.99,0.00,49.99,2025-07-14 00:00:00.000,FALSE,2026-05-15 14:57:25.576 -0700,DEMO_2026_SCENARIOS
DEMO_OI000044,90044,90044,101,1,49.99,0.00,49.99,2025-07-15 00:00:00.000,FALSE,2026-05-15 14:57:25.576 -0700,DEMO_2026_SCENARIOS
DEMO_OI000045,90045,90045,101,1,49.99,0.00,49.99,2025-07-16 00:00:00.000,FALSE,2026-05-15 14:57:25.576 -0700,DEMO_2026_SCENARIOS
DEMO_OI000046,90046,90046,101,1,49.99,0.00,49.99,2025-07-17 00:00:00.000,FALSE,2026-05-15 14:57:25.576 -0700,DEMO_2026_SCENARIOS
DEMO_OI000047,90047,90047,101,1,49.99,0.00,49.99,2025-07-18 00:00:00.000,FALSE,2026-05-15 14:57:25.576 -0700,DEMO_2026_SCENARIOS
DEMO_OI000048,90048,90048,101,1,49.99,0.00,49.99,2025-07-19 00:00:00.000,FALSE,2026-05-15 14:57:25.576 -0700,DEMO_2026_SCENARIOS
DEMO_OI000049,90049,90049,101,1,49.99,0.00,49.99,2025-07-20 00:00:00.000,FALSE,2026-05-15 14:57:25.576 -0700,DEMO_2026_SCENARIOS
DEMO_OI000050,90050,90050,101,1,49.99,0.00,49.99,2025-07-21 00:00:00.000,FALSE,2026-05-15 14:57:25.576 -0700,DEMO_2026_SCENARIOS
DEMO_OI000051,90051,90051,101,1,49.99,0.00,49.99,2025-07-22 00:00:00.000,FALSE,2026-05-15 14:57:25.576 -0700,DEMO_2026_SCENARIOS
DEMO_OI000052,90052,90052,101,1,49.99,0.00,49.99,2025-07-23 00:00:00.000,FALSE,2026-05-15 14:57:25.576 -0700,DEMO_2026_SCENARIOS
DEMO_OI000053,90053,90053,101,1,49.99,0.00,49.99,2025-07-24 00:00:00.000,FALSE,2026-05-15 14:57:25.576 -0700,DEMO_2026_SCENARIOS
DEMO_OI000054,90054,90054,101,1,49.99,0.00,49.99,2025-07-25 00:00:00.000,FALSE,2026-05-15 14:57:25.576 -0700,DEMO_2026_SCENARIOS
DEMO_OI000055,90055,90055,101,1,49.99,0.00,49.99,2025-07-26 00:00:00.000,FALSE,2026-05-15 14:57:25.576 -0700,DEMO_2026_SCENARIOS
DEMO_OI000056,90056,90056,101,1,49.99,0.00,49.99,2025-07-27 00:00:00.000,FALSE,2026-05-15 14:57:25.576 -0700,DEMO_2026_SCENARIOS
DEMO_OI000057,90057,90057,101,1,49.99,0.00,49.99,2025-07-28 00:00:00.000,FALSE,2026-05-15 14:57:25.576 -0700,DEMO_2026_SCENARIOS
DEMO_OI000058,90058,90058,101,1,49.99,0.00,49.99,2025-07-29 00:00:00.000,FALSE,2026-05-15 14:57:25.576 -0700,DEMO_2026_SCENARIOS
DEMO_OI000059,90059,90059,101,1,49.99,0.00,49.99,2025-07-30 00:00:00.000,FALSE,2026-05-15 14:57:25.576 -0700,DEMO_2026_SCENARIOS
DEMO_OI000060,90060,90060,101,1,49.99,0.00,49.99,2025-07-31 00:00:00.000,FALSE,2026-05-15 14:57:25.576 -0700,DEMO_2026_SCENARIOS
DEMO_OI000061,90061,90061,102,1,49.99,0.00,49.99,2025-08-01 00:00:00.000,FALSE,2026-05-15 14:57:25.576 -0700,DEMO_2026_SCENARIOS
DEMO_OI000062,90062,90062,102,1,49.99,0.00,49.99,2025-08-02 00:00:00.000,FALSE,2026-05-15 14:57:25.576 -0700,DEMO_2026_SCENARIOS
DEMO_OI000063,90063,90063,102,1,49.99,0.00,49.99,2025-08-03 00:00:00.000,FALSE,2026-05-15 14:57:25.576 -0700,DEMO_2026_SCENARIOS
DEMO_OI000064,90064,90064,102,1,49.99,0.00,49.99,2025-08-04 00:00:00.000,FALSE,2026-05-15 14:57:25.576 -0700,DEMO_2026_SCENARIOS
DEMO_OI000065,90065,90065,102,1,49.99,0.00,49.99,2025-08-05 00:00:00.000,FALSE,2026-05-15 14:57:25.576 -0700,DEMO_2026_SCENARIOS
DEMO_OI000066,90066,90066,102,1,49.99,0.00,49.99,2025-08-06 00:00:00.000,FALSE,2026-05-15 14:57:25.576 -0700,DEMO_2026_SCENARIOS
DEMO_OI000067,90067,90067,102,1,49.99,0.00,49.99,2025-08-07 00:00:00.000,FALSE,2026-05-15 14:57:25.576 -0700,DEMO_2026_SCENARIOS
DEMO_OI000068,90068,90068,102,1,49.99,0.00,49.99,2025-08-08 00:00:00.000,FALSE,2026-05-15 14:57:25.576 -0700,DEMO_2026_SCENARIOS
DEMO_OI000069,90069,90069,102,1,49.99,0.00,49.99,2025-08-09 00:00:00.000,FALSE,2026-05-15 14:57:25.576 -0700,DEMO_2026_SCENARIOS
DEMO_OI000070,90070,90070,102,1,49.99,0.00,49.99,2025-08-10 00:00:00.000,FALSE,2026-05-15 14:57:25.576 -0700,DEMO_2026_SCENARIOS
DEMO_OI000071,90071,90071,102,1,49.99,0.00,49.99,2025-08-11 00:00:00.000,FALSE,2026-05-15 14:57:25.576 -0700,DEMO_2026_SCENARIOS
DEMO_OI000072,90072,90072,102,1,49.99,0.00,49.99,2025-08-12 00:00:00.000,FALSE,2026-05-15 14:57:25.576 -0700,DEMO_2026_SCENARIOS
DEMO_OI000073,90073,90073,102,1,49.99,0.00,49.99,2025-08-13 00:00:00.000,FALSE,2026-05-15 14:57:25.576 -0700,DEMO_2026_SCENARIOS
DEMO_OI000074,90074,90074,102,1,49.99,0.00,49.99,2025-08-14 00:00:00.000,FALSE,2026-05-15 14:57:25.576 -0700,DEMO_2026_SCENARIOS
DEMO_OI000075,90075,90075,102,1,49.99,0.00,49.99,2025-08-15 00:00:00.000,FALSE,2026-05-15 14:57:25.576 -0700,DEMO_2026_SCENARIOS
DEMO_OI000076,90076,90076,102,1,49.99,0.00,49.99,2025-08-16 00:00:00.000,FALSE,2026-05-15 14:57:25.576 -0700,DEMO_2026_SCENARIOS
DEMO_OI000077,90077,90077,102,1,49.99,0.00,49.99,2025-08-17 00:00:00.000,FALSE,2026-05-15 14:57:25.576 -0700,DEMO_2026_SCENARIOS
DEMO_OI000078,90078,90078,102,1,49.99,0.00,49.99,2025-08-18 00:00:00.000,FALSE,2026-05-15 14:57:25.576 -0700,DEMO_2026_SCENARIOS
DEMO_OI000079,90079,90079,102,1,49.99,0.00,49.99,2025-08-19 00:00:00.000,FALSE,2026-05-15 14:57:25.576 -0700,DEMO_2026_SCENARIOS
DEMO_OI000080,90080,90080,102,1,49.99,0.00,49.99,2025-08-20 00:00:00.000,FALSE,2026-05-15 14:57:25.576 -0700,DEMO_2026_SCENARIOS
DEMO_OI000081,90081,90081,102,1,49.99,0.00,49.99,2025-08-21 00:00:00.000,FALSE,2026-05-15 14:57:25.576 -0700,DEMO_2026_SCENARIOS
DEMO_OI000082,90082,90082,102,1,49.99,0.00,49.99,2025-08-22 00:00:00.000,FALSE,2026-05-15 14:57:25.576 -0700,DEMO_2026_SCENARIOS
DEMO_OI000083,90083,90083,102,1,49.99,0.00,49.99,2025-08-23 00:00:00.000,FALSE,2026-05-15 14:57:25.576 -0700,DEMO_2026_SCENARIOS
DEMO_OI000084,90084,90084,102,1,49.99,0.00,49.99,2025-08-24 00:00:00.000,FALSE,2026-05-15 14:57:25.576 -0700,DEMO_2026_SCENARIOS
DEMO_OI000085,90085,90085,102,1,49.99,0.00,49.99,2025-08-25 00:00:00.000,FALSE,2026-05-15 14:57:25.576 -0700,DEMO_2026_SCENARIOS
DEMO_OI000086,90086,90086,102,1,49.99,0.00,49.99,2025-08-26 00:00:00.000,FALSE,2026-05-15 14:57:25.576 -0700,DEMO_2026_SCENARIOS
DEMO_OI000087,90087,90087,102,1,49.99,0.00,49.99,2025-08-27 00:00:00.000,FALSE,2026-05-15 14:57:25.576 -0700,DEMO_2026_SCENARIOS
DEMO_OI000088,90088,90088,102,1,49.99,0.00,49.99,2025-08-28 00:00:00.000,FALSE,2026-05-15 14:57:25.576 -0700,DEMO_2026_SCENARIOS
DEMO_OI000089,90089,90089,102,1,49.99,0.00,49.99,2025-08-29 00:00:00.000,FALSE,2026-05-15 14:57:25.576 -0700,DEMO_2026_SCENARIOS
DEMO_OI000090,90090,90090,102,1,49.99,0.00,49.99,2025-08-30 00:00:00.000,FALSE,2026-05-15 14:57:25.576 -0700,DEMO_2026_SCENARIOS
DEMO_OI000091,90091,90091,102,1,49.99,0.00,49.99,2025-08-31 00:00:00.000,FALSE,2026-05-15 14:57:25.576 -0700,DEMO_2026_SCENARIOS
DEMO_OI000092,90092,90092,102,1,49.99,0.00,49.99,2025-09-01 00:00:00.000,FALSE,2026-05-15 14:57:25.576 -0700,DEMO_2026_SCENARIOS
DEMO_OI000093,90093,90093,102,1,49.99,0.00,49.99,2025-09-02 00:00:00.000,FALSE,2026-05-15 14:57:25.576 -0700,DEMO_2026_SCENARIOS
DEMO_OI000094,90094,90094,102,1,49.99,0.00,49.99,2025-09-03 00:00:00.000,FALSE,2026-05-15 14:57:25.576 -0700,DEMO_2026_SCENARIOS
DEMO_OI000095,90095,90095,102,1,49.99,0.00,49.99,2025-09-04 00:00:00.000,FALSE,2026-05-15 14:57:25.576 -0700,DEMO_2026_SCENARIOS
DEMO_OI000096,90096,90096,102,1,49.99,0.00,49.99,2025-09-05 00:00:00.000,FALSE,2026-05-15 14:57:25.576 -0700,DEMO_2026_SCENARIOS
DEMO_OI000097,90097,90097,102,1,49.99,0.00,49.99,2025-09-06 00:00:00.000,FALSE,2026-05-15 14:57:25.576 -0700,DEMO_2026_SCENARIOS
DEMO_OI000098,90098,90098,102,1,49.99,0.00,49.99,2025-09-07 00:00:00.000,FALSE,2026-05-15 14:57:25.576 -0700,DEMO_2026_SCENARIOS
DEMO_OI000099,90099,90099,102,1,49.99,0.00,49.99,2025-09-08 00:00:00.000,FALSE,2026-05-15 14:57:25.576 -0700,DEMO_2026_SCENARIOS
DEMO_OI000100,90100,90100,102,1,49.99,0.00,49.99,2025-09-09 00:00:00.000,FALSE,2026-05-15 14:57:25.576 -0700,DEMO_2026_SCENARIOS
DEMO_OI000101,90101,90101,102,1,49.99,0.00,49.99,2025-09-10 00:00:00.000,FALSE,2026-05-15 14:57:25.576 -0700,DEMO_2026_SCENARIOS
DEMO_OI000102,90102,90102,102,1,49.99,0.00,49.99,2025-09-11 00:00:00.000,FALSE,2026-05-15 14:57:25.576 -0700,DEMO_2026_SCENARIOS
DEMO_OI000103,90103,90103,102,1,49.99,0.00,49.99,2025-09-12 00:00:00.000,FALSE,2026-05-15 14:57:25.576 -0700,DEMO_2026_SCENARIOS
DEMO_OI000104,90104,90104,102,1,49.99,0.00,49.99,2025-09-13 00:00:00.000,FALSE,2026-05-15 14:57:25.576 -0700,DEMO_2026_SCENARIOS
DEMO_OI000105,90105,90105,102,1,49.99,0.00,49.99,2025-09-14 00:00:00.000,FALSE,2026-05-15 14:57:25.576 -0700,DEMO_2026_SCENARIOS
DEMO_OI000106,90106,90106,102,1,49.99,0.00,49.99,2025-09-15 00:00:00.000,FALSE,2026-05-15 14:57:25.576 -0700,DEMO_2026_SCENARIOS
DEMO_OI000107,90107,90107,102,1,49.99,0.00,49.99,2025-09-16 00:00:00.000,FALSE,2026-05-15 14:57:25.576 -0700,DEMO_2026_SCENARIOS
DEMO_OI000108,90108,90108,102,1,49.99,0.00,49.99,2025-09-17 00:00:00.000,FALSE,2026-05-15 14:57:25.576 -0700,DEMO_2026_SCENARIOS
DEMO_OI000109,90109,90109,102,1,49.99,0.00,49.99,2025-09-18 00:00:00.000,FALSE,2026-05-15 14:57:25.576 -0700,DEMO_2026_SCENARIOS
DEMO_OI000110,90110,90110,102,1,49.99,0.00,49.99,2025-09-19 00:00:00.000,FALSE,2026-05-15 14:57:25.576 -0700,DEMO_2026_SCENARIOS
DEMO_OI000111,90111,90111,102,1,49.99,0.00,49.99,2025-09-20 00:00:00.000,FALSE,2026-05-15 14:57:25.576 -0700,DEMO_2026_SCENARIOS
DEMO_OI000112,90112,90112,102,1,49.99,0.00,49.99,2025-09-21 00:00:00.000,FALSE,2026-05-15 14:57:25.576 -0700,DEMO_2026_SCENARIOS
DEMO_OI000113,90113,90113,102,1,49.99,0.00,49.99,2025-09-22 00:00:00.000,FALSE,2026-05-15 14:57:25.576 -0700,DEMO_2026_SCENARIOS
DEMO_OI000114,90114,90114,102,1,49.99,0.00,49.99,2025-09-23 00:00:00.000,FALSE,2026-05-15 14:57:25.576 -0700,DEMO_2026_SCENARIOS
DEMO_OI000115,90115,90115,102,1,49.99,0.00,49.99,2025-09-24 00:00:00.000,FALSE,2026-05-15 14:57:25.576 -0700,DEMO_2026_SCENARIOS
DEMO_OI000116,90116,90116,103,1,49.99,0.00,49.99,2025-09-25 00:00:00.000,FALSE,2026-05-15 14:57:25.576 -0700,DEMO_2026_SCENARIOS
DEMO_OI000117,90117,90117,103,1,49.99,0.00,49.99,2025-09-26 00:00:00.000,FALSE,2026-05-15 14:57:25.576 -0700,DEMO_2026_SCENARIOS
DEMO_OI000118,90118,90118,103,1,49.99,0.00,49.99,2025-09-27 00:00:00.000,FALSE,2026-05-15 14:57:25.576 -0700,DEMO_2026_SCENARIOS
DEMO_OI000119,90119,90119,103,1,49.99,0.00,49.99,2025-09-28 00:00:00.000,FALSE,2026-05-15 14:57:25.576 -0700,DEMO_2026_SCENARIOS
DEMO_OI000120,90120,90120,103,1,49.99,0.00,49.99,2025-09-29 00:00:00.000,FALSE,2026-05-15 14:57:25.576 -0700,DEMO_2026_SCENARIOS
DEMO_OI000121,90121,90121,103,1,49.99,0.00,49.99,2025-09-30 00:00:00.000,FALSE,2026-05-15 14:57:25.576 -0700,DEMO_2026_SCENARIOS
DEMO_OI000122,90122,90122,103,1,49.99,0.00,49.99,2025-10-01 00:00:00.000,FALSE,2026-05-15 14:57:25.576 -0700,DEMO_2026_SCENARIOS
DEMO_OI000123,90123,90123,103,1,49.99,0.00,49.99,2025-10-02 00:00:00.000,FALSE,2026-05-15 14:57:25.576 -0700,DEMO_2026_SCENARIOS
DEMO_OI000124,90124,90124,103,1,49.99,0.00,49.99,2025-10-03 00:00:00.000,FALSE,2026-05-15 14:57:25.576 -0700,DEMO_2026_SCENARIOS
DEMO_OI000125,90125,90125,103,1,49.99,0.00,49.99,2025-10-04 00:00:00.000,FALSE,2026-05-15 14:57:25.576 -0700,DEMO_2026_SCENARIOS
DEMO_OI000126,90126,90126,103,1,49.99,0.00,49.99,2025-10-05 00:00:00.000,FALSE,2026-05-15 14:57:25.576 -0700,DEMO_2026_SCENARIOS
DEMO_OI000127,90127,90127,103,1,49.99,0.00,49.99,2025-10-06 00:00:00.000,FALSE,2026-05-15 14:57:25.576 -0700,DEMO_2026_SCENARIOS
DEMO_OI000128,90128,90128,103,1,49.99,0.00,49.99,2025-10-07 00:00:00.000,FALSE,2026-05-15 14:57:25.576 -0700,DEMO_2026_SCENARIOS
DEMO_OI000129,90129,90129,103,1,49.99,0.00,49.99,2025-10-08 00:00:00.000,FALSE,2026-05-15 14:57:25.576 -0700,DEMO_2026_SCENARIOS
DEMO_OI000130,90130,90130,103,1,49.99,0.00,49.99,2025-10-09 00:00:00.000,FALSE,2026-05-15 14:57:25.576 -0700,DEMO_2026_SCENARIOS
DEMO_OI000131,90131,90131,103,1,49.99,0.00,49.99,2025-10-10 00:00:00.000,FALSE,2026-05-15 14:57:25.576 -0700,DEMO_2026_SCENARIOS
DEMO_OI000132,90132,90132,103,1,49.99,0.00,49.99,2025-10-11 00:00:00.000,FALSE,2026-05-15 14:57:25.576 -0700,DEMO_2026_SCENARIOS
DEMO_OI000133,90133,90133,103,1,49.99,0.00,49.99,2025-10-12 00:00:00.000,FALSE,2026-05-15 14:57:25.576 -0700,DEMO_2026_SCENARIOS
DEMO_OI000134,90134,90134,103,1,49.99,0.00,49.99,2025-10-13 00:00:00.000,FALSE,2026-05-15 14:57:25.576 -0700,DEMO_2026_SCENARIOS
DEMO_OI000135,90135,90135,103,1,49.99,0.00,49.99,2025-10-14 00:00:00.000,FALSE,2026-05-15 14:57:25.576 -0700,DEMO_2026_SCENARIOS
DEMO_OI000136,90136,90136,103,1,49.99,0.00,49.99,2025-10-15 00:00:00.000,FALSE,2026-05-15 14:57:25.576 -0700,DEMO_2026_SCENARIOS
DEMO_OI000137,90137,90137,103,1,49.99,0.00,49.99,2025-10-16 00:00:00.000,FALSE,2026-05-15 14:57:25.576 -0700,DEMO_2026_SCENARIOS
DEMO_OI000138,90138,90138,103,1,49.99,0.00,49.99,2025-10-17 00:00:00.000,FALSE,2026-05-15 14:57:25.576 -0700,DEMO_2026_SCENARIOS
DEMO_OI000139,90139,90139,103,1,49.99,0.00,49.99,2025-10-18 00:00:00.000,FALSE,2026-05-15 14:57:25.576 -0700,DEMO_2026_SCENARIOS
DEMO_OI000140,90140,90140,103,1,49.99,0.00,49.99,2025-10-19 00:00:00.000,FALSE,2026-05-15 14:57:25.576 -0700,DEMO_2026_SCENARIOS
DEMO_OI000141,90141,90141,103,1,49.99,0.00,49.99,2025-10-20 00:00:00.000,FALSE,2026-05-15 14:57:25.576 -0700,DEMO_2026_SCENARIOS
DEMO_OI000142,90142,90142,103,1,49.99,0.00,49.99,2025-10-21 00:00:00.000,FALSE,2026-05-15 14:57:25.576 -0700,DEMO_2026_SCENARIOS
DEMO_OI000143,90143,90143,103,1,49.99,0.00,49.99,2025-10-22 00:00:00.000,FALSE,2026-05-15 14:57:25.576 -0700,DEMO_2026_SCENARIOS
DEMO_OI000144,90144,90144,103,1,49.99,0.00,49.99,2025-10-23 00:00:00.000,FALSE,2026-05-15 14:57:25.576 -0700,DEMO_2026_SCENARIOS
DEMO_OI000145,90145,90145,103,1,49.99,0.00,49.99,2025-10-24 00:00:00.000,FALSE,2026-05-15 14:57:25.576 -0700,DEMO_2026_SCENARIOS
DEMO_OI000146,90146,90146,103,1,49.99,0.00,49.99,2025-10-25 00:00:00.000,FALSE,2026-05-15 14:57:25.576 -0700,DEMO_2026_SCENARIOS
DEMO_OI000147,90147,90147,103,1,49.99,0.00,49.99,2025-10-26 00:00:00.000,FALSE,2026-05-15 14:57:25.576 -0700,DEMO_2026_SCENARIOS
DEMO_OI000148,90148,90148,103,1,49.99,0.00,49.99,2025-10-27 00:00:00.000,FALSE,2026-05-15 14:57:25.576 -0700,DEMO_2026_SCENARIOS
DEMO_OI000149,90149,90149,103,1,49.99,0.00,49.99,2025-10-28 00:00:00.000,FALSE,2026-05-15 14:57:25.576 -0700,DEMO_2026_SCENARIOS
DEMO_OI000150,90150,90150,103,1,49.99,0.00,49.99,2025-10-29 00:00:00.000,FALSE,2026-05-15 14:57:25.576 -0700,DEMO_2026_SCENARIOS
DEMO_OI000151,90151,90151,103,1,49.99,0.00,49.99,2025-10-30 00:00:00.000,FALSE,2026-05-15 14:57:25.576 -0700,DEMO_2026_SCENARIOS
DEMO_OI000152,90152,90152,103,1,49.99,0.00,49.99,2025-10-31 00:00:00.000,FALSE,2026-05-15 14:57:25.576 -0700,DEMO_2026_SCENARIOS
DEMO_OI000153,90153,90153,103,1,49.99,0.00,49.99,2025-11-01 00:00:00.000,FALSE,2026-05-15 14:57:25.576 -0700,DEMO_2026_SCENARIOS
DEMO_OI000154,90154,90154,103,1,49.99,0.00,49.99,2025-11-02 00:00:00.000,FALSE,2026-05-15 14:57:25.576 -0700,DEMO_2026_SCENARIOS
DEMO_OI000155,90155,90155,103,1,49.99,0.00,49.99,2025-11-03 00:00:00.000,FALSE,2026-05-15 14:57:25.576 -0700,DEMO_2026_SCENARIOS
DEMO_OI000156,90156,90156,103,1,49.99,0.00,49.99,2025-11-04 00:00:00.000,FALSE,2026-05-15 14:57:25.576 -0700,DEMO_2026_SCENARIOS
DEMO_OI000157,90157,90157,103,1,49.99,0.00,49.99,2025-11-05 00:00:00.000,FALSE,2026-05-15 14:57:25.576 -0700,DEMO_2026_SCENARIOS
DEMO_OI000158,90158,90158,103,1,49.99,0.00,49.99,2025-11-06 00:00:00.000,FALSE,2026-05-15 14:57:25.576 -0700,DEMO_2026_SCENARIOS
DEMO_OI000159,90159,90159,103,1,49.99,0.00,49.99,2025-11-07 00:00:00.000,FALSE,2026-05-15 14:57:25.576 -0700,DEMO_2026_SCENARIOS
DEMO_OI000160,90160,90160,103,1,49.99,0.00,49.99,2025-11-08 00:00:00.000,FALSE,2026-05-15 14:57:25.576 -0700,DEMO_2026_SCENARIOS
DEMO_OI000161,90161,90161,103,1,49.99,0.00,49.99,2025-11-09 00:00:00.000,FALSE,2026-05-15 14:57:25.576 -0700,DEMO_2026_SCENARIOS
DEMO_OI000162,90162,90162,103,1,49.99,0.00,49.99,2025-11-10 00:00:00.000,FALSE,2026-05-15 14:57:25.576 -0700,DEMO_2026_SCENARIOS
DEMO_OI000163,90163,90163,103,1,49.99,0.00,49.99,2025-11-11 00:00:00.000,FALSE,2026-05-15 14:57:25.576 -0700,DEMO_2026_SCENARIOS
DEMO_OI000164,90164,90164,103,1,49.99,0.00,49.99,2025-11-12 00:00:00.000,FALSE,2026-05-15 14:57:25.576 -0700,DEMO_2026_SCENARIOS
DEMO_OI000165,90165,90165,103,1,49.99,0.00,49.99,2025-11-13 00:00:00.000,FALSE,2026-05-15 14:57:25.576 -0700,DEMO_2026_SCENARIOS
DEMO_OI000166,90166,90166,104,1,49.99,0.00,49.99,2025-11-14 00:00:00.000,FALSE,2026-05-15 14:57:25.576 -0700,DEMO_2026_SCENARIOS
DEMO_OI000167,90167,90167,104,1,49.99,0.00,49.99,2025-11-15 00:00:00.000,FALSE,2026-05-15 14:57:25.576 -0700,DEMO_2026_SCENARIOS
DEMO_OI000168,90168,90168,104,1,49.99,0.00,49.99,2025-11-16 00:00:00.000,FALSE,2026-05-15 14:57:25.576 -0700,DEMO_2026_SCENARIOS
DEMO_OI000169,90169,90169,104,1,49.99,0.00,49.99,2025-11-17 00:00:00.000,FALSE,2026-05-15 14:57:25.576 -0700,DEMO_2026_SCENARIOS
DEMO_OI000170,90170,90170,104,1,49.99,0.00,49.99,2025-11-18 00:00:00.000,FALSE,2026-05-15 14:57:25.576 -0700,DEMO_2026_SCENARIOS
DEMO_OI000171,90171,90171,104,1,49.99,0.00,49.99,2025-11-19 00:00:00.000,FALSE,2026-05-15 14:57:25.576 -0700,DEMO_2026_SCENARIOS
DEMO_OI000172,90172,90172,104,1,49.99,0.00,49.99,2025-11-20 00:00:00.000,FALSE,2026-05-15 14:57:25.576 -0700,DEMO_2026_SCENARIOS
DEMO_OI000173,90173,90173,104,1,49.99,0.00,49.99,2025-11-21 00:00:00.000,FALSE,2026-05-15 14:57:25.576 -0700,DEMO_2026_SCENARIOS
DEMO_OI000174,90174,90174,104,1,49.99,0.00,49.99,2025-11-22 00:00:00.000,FALSE,2026-05-15 14:57:25.576 -0700,DEMO_2026_SCENARIOS
DEMO_OI000175,90175,90175,104,1,49.99,0.00,49.99,2025-11-23 00:00:00.000,FALSE,2026-05-15 14:57:25.576 -0700,DEMO_2026_SCENARIOS
DEMO_OI000176,90176,90176,104,1,49.99,0.00,49.99,2025-11-24 00:00:00.000,FALSE,2026-05-15 14:57:25.576 -0700,DEMO_2026_SCENARIOS
DEMO_OI000177,90177,90177,104,1,49.99,0.00,49.99,2025-11-25 00:00:00.000,FALSE,2026-05-15 14:57:25.576 -0700,DEMO_2026_SCENARIOS
DEMO_OI000178,90178,90178,104,1,49.99,0.00,49.99,2025-11-26 00:00:00.000,FALSE,2026-05-15 14:57:25.576 -0700,DEMO_2026_SCENARIOS
DEMO_OI000179,90179,90179,104,1,49.99,0.00,49.99,2025-11-27 00:00:00.000,FALSE,2026-05-15 14:57:25.576 -0700,DEMO_2026_SCENARIOS
DEMO_OI000180,90180,90180,104,1,49.99,0.00,49.99,2025-11-28 00:00:00.000,FALSE,2026-05-15 14:57:25.576 -0700,DEMO_2026_SCENARIOS
DEMO_OI000181,90181,90181,104,1,49.99,0.00,49.99,2025-11-29 00:00:00.000,FALSE,2026-05-15 14:57:25.576 -0700,DEMO_2026_SCENARIOS
DEMO_OI000182,90182,90182,104,1,49.99,0.00,49.99,2025-11-30 00:00:00.000,FALSE,2026-05-15 14:57:25.576 -0700,DEMO_2026_SCENARIOS
DEMO_OI000183,90183,90183,104,1,49.99,0.00,49.99,2025-12-01 00:00:00.000,FALSE,2026-05-15 14:57:25.576 -0700,DEMO_2026_SCENARIOS
DEMO_OI000184,90184,90184,104,1,49.99,0.00,49.99,2025-12-02 00:00:00.000,FALSE,2026-05-15 14:57:25.576 -0700,DEMO_2026_SCENARIOS
DEMO_OI000185,90185,90185,104,1,49.99,0.00,49.99,2025-12-03 00:00:00.000,FALSE,2026-05-15 14:57:25.576 -0700,DEMO_2026_SCENARIOS
DEMO_OI000186,90186,90186,104,1,49.99,0.00,49.99,2025-12-04 00:00:00.000,FALSE,2026-05-15 14:57:25.576 -0700,DEMO_2026_SCENARIOS
DEMO_OI000187,90187,90187,104,1,49.99,0.00,49.99,2025-12-05 00:00:00.000,FALSE,2026-05-15 14:57:25.576 -0700,DEMO_2026_SCENARIOS
DEMO_OI000188,90188,90188,104,1,49.99,0.00,49.99,2025-12-06 00:00:00.000,FALSE,2026-05-15 14:57:25.576 -0700,DEMO_2026_SCENARIOS
DEMO_OI000189,90189,90189,104,1,49.99,0.00,49.99,2025-12-07 00:00:00.000,FALSE,2026-05-15 14:57:25.576 -0700,DEMO_2026_SCENARIOS
DEMO_OI000190,90190,90190,104,1,49.99,0.00,49.99,2025-12-08 00:00:00.000,FALSE,2026-05-15 14:57:25.576 -0700,DEMO_2026_SCENARIOS
DEMO_OI000191,90191,90191,104,1,49.99,0.00,49.99,2025-12-09 00:00:00.000,FALSE,2026-05-15 14:57:25.576 -0700,DEMO_2026_SCENARIOS
DEMO_OI000192,90192,90192,104,1,49.99,0.00,49.99,2025-12-10 00:00:00.000,FALSE,2026-05-15 14:57:25.576 -0700,DEMO_2026_SCENARIOS
DEMO_OI000193,90193,90193,104,1,49.99,0.00,49.99,2025-12-11 00:00:00.000,FALSE,2026-05-15 14:57:25.576 -0700,DEMO_2026_SCENARIOS
DEMO_OI000194,90194,90194,104,1,49.99,0.00,49.99,2025-12-12 00:00:00.000,FALSE,2026-05-15 14:57:25.576 -0700,DEMO_2026_SCENARIOS
DEMO_OI000195,90195,90195,104,1,49.99,0.00,49.99,2025-12-13 00:00:00.000,FALSE,2026-05-15 14:57:25.576 -0700,DEMO_2026_SCENARIOS
DEMO_OI000196,90196,90196,104,1,49.99,0.00,49.99,2025-12-14 00:00:00.000,FALSE,2026-05-15 14:57:25.576 -0700,DEMO_2026_SCENARIOS
DEMO_OI000197,90197,90197,104,1,49.99,0.00,49.99,2025-12-15 00:00:00.000,FALSE,2026-05-15 14:57:25.576 -0700,DEMO_2026_SCENARIOS
DEMO_OI000198,90198,90198,104,1,49.99,0.00,49.99,2025-12-16 00:00:00.000,FALSE,2026-05-15 14:57:25.576 -0700,DEMO_2026_SCENARIOS
DEMO_OI000199,90199,90199,104,1,49.99,0.00,49.99,2025-12-17 00:00:00.000,FALSE,2026-05-15 14:57:25.576 -0700,DEMO_2026_SCENARIOS
DEMO_OI000200,90200,90200,104,1,49.99,0.00,49.99,2025-12-18 00:00:00.000,FALSE,2026-05-15 14:57:25.576 -0700,DEMO_2026_SCENARIOS
DEMO_OI000201,90201,90201,104,1,49.99,0.00,49.99,2025-12-19 00:00:00.000,FALSE,2026-05-15 14:57:25.576 -0700,DEMO_2026_SCENARIOS
DEMO_OI000202,90202,90202,104,1,49.99,0.00,49.99,2025-12-20 00:00:00.000,FALSE,2026-05-15 14:57:25.576 -0700,DEMO_2026_SCENARIOS
DEMO_OI000203,90203,90203,104,1,49.99,0.00,49.99,2025-12-21 00:00:00.000,FALSE,2026-05-15 14:57:25.576 -0700,DEMO_2026_SCENARIOS
DEMO_OI000204,90204,90204,104,1,49.99,0.00,49.99,2025-12-22 00:00:00.000,FALSE,2026-05-15 14:57:25.576 -0700,DEMO_2026_SCENARIOS
DEMO_OI000205,90205,90205,104,1,49.99,0.00,49.99,2025-12-23 00:00:00.000,FALSE,2026-05-15 14:57:25.576 -0700,DEMO_2026_SCENARIOS
DEMO_OI000206,90206,90206,104,1,49.99,0.00,49.99,2025-12-24 00:00:00.000,FALSE,2026-05-15 14:57:25.576 -0700,DEMO_2026_SCENARIOS
DEMO_OI000207,90207,90207,104,1,49.99,0.00,49.99,2025-12-25 00:00:00.000,FALSE,2026-05-15 14:57:25.576 -0700,DEMO_2026_SCENARIOS
DEMO_OI000208,90208,90208,104,1,49.99,0.00,49.99,2025-12-26 00:00:00.000,FALSE,2026-05-15 14:57:25.576 -0700,DEMO_2026_SCENARIOS
DEMO_OI000209,90209,90209,104,1,49.99,0.00,49.99,2025-12-27 00:00:00.000,FALSE,2026-05-15 14:57:25.576 -0700,DEMO_2026_SCENARIOS
DEMO_OI000210,90210,90210,104,1,49.99,0.00,49.99,2025-12-28 00:00:00.000,FALSE,2026-05-15 14:57:25.576 -0700,DEMO_2026_SCENARIOS
DEMO_OI000211,90211,90211,104,1,49.99,0.00,49.99,2025-12-29 00:00:00.000,FALSE,2026-05-15 14:57:25.576 -0700,DEMO_2026_SCENARIOS
DEMO_OI000212,90212,90212,104,1,49.99,0.00,49.99,2025-12-30 00:00:00.000,FALSE,2026-05-15 14:57:25.576 -0700,DEMO_2026_SCENARIOS
DEMO_OI000213,90213,90213,104,1,49.99,0.00,49.99,2025-12-31 00:00:00.000,FALSE,2026-05-15 14:57:25.576 -0700,DEMO_2026_SCENARIOS
DEMO_OI000214,90214,90214,104,1,49.99,0.00,49.99,2026-01-01 00:00:00.000,FALSE,2026-05-15 14:57:25.576 -0700,DEMO_2026_SCENARIOS
DEMO_OI000215,90215,90215,104,1,49.99,0.00,49.99,2026-01-02 00:00:00.000,FALSE,2026-05-15 14:57:25.576 -0700,DEMO_2026_SCENARIOS
DEMO_OI000216,90216,90216,104,1,49.99,0.00,49.99,2026-01-03 00:00:00.000,FALSE,2026-05-15 14:57:25.576 -0700,DEMO_2026_SCENARIOS
DEMO_OI000217,90217,90217,104,1,49.99,0.00,49.99,2026-01-04 00:00:00.000,FALSE,2026-05-15 14:57:25.576 -0700,DEMO_2026_SCENARIOS
DEMO_OI000218,90218,90218,104,1,49.99,0.00,49.99,2026-01-05 00:00:00.000,FALSE,2026-05-15 14:57:25.576 -0700,DEMO_2026_SCENARIOS
DEMO_OI000219,90219,90219,104,1,49.99,0.00,49.99,2026-01-06 00:00:00.000,FALSE,2026-05-15 14:57:25.576 -0700,DEMO_2026_SCENARIOS
DEMO_OI000220,90220,90220,104,1,49.99,0.00,49.99,2026-01-07 00:00:00.000,FALSE,2026-05-15 14:57:25.576 -0700,DEMO_2026_SCENARIOS
DEMO_OI000221,90221,90221,105,1,49.99,0.00,49.99,2026-01-08 00:00:00.000,FALSE,2026-05-15 14:57:25.576 -0700,DEMO_2026_SCENARIOS
DEMO_OI000222,90222,90222,105,1,49.99,0.00,49.99,2026-01-09 00:00:00.000,FALSE,2026-05-15 14:57:25.576 -0700,DEMO_2026_SCENARIOS
DEMO_OI000223,90223,90223,105,1,49.99,0.00,49.99,2026-01-10 00:00:00.000,FALSE,2026-05-15 14:57:25.576 -0700,DEMO_2026_SCENARIOS
DEMO_OI000224,90224,90224,105,1,49.99,0.00,49.99,2026-01-11 00:00:00.000,FALSE,2026-05-15 14:57:25.576 -0700,DEMO_2026_SCENARIOS
DEMO_OI000225,90225,90225,105,1,49.99,0.00,49.99,2026-01-12 00:00:00.000,FALSE,2026-05-15 14:57:25.576 -0700,DEMO_2026_SCENARIOS
DEMO_OI000226,90226,90226,105,1,49.99,0.00,49.99,2026-01-13 00:00:00.000,FALSE,2026-05-15 14:57:25.576 -0700,DEMO_2026_SCENARIOS
DEMO_OI000227,90227,90227,105,1,49.99,0.00,49.99,2026-01-14 00:00:00.000,FALSE,2026-05-15 14:57:25.576 -0700,DEMO_2026_SCENARIOS
DEMO_OI000228,90228,90228,105,1,49.99,0.00,49.99,2026-01-15 00:00:00.000,FALSE,2026-05-15 14:57:25.576 -0700,DEMO_2026_SCENARIOS
DEMO_OI000229,90229,90229,105,1,49.99,0.00,49.99,2026-01-16 00:00:00.000,FALSE,2026-05-15 14:57:25.576 -0700,DEMO_2026_SCENARIOS
DEMO_OI000230,90230,90230,105,1,49.99,0.00,49.99,2026-01-17 00:00:00.000,FALSE,2026-05-15 14:57:25.576 -0700,DEMO_2026_SCENARIOS
DEMO_OI000231,90231,90231,105,1,49.99,0.00,49.99,2026-01-18 00:00:00.000,FALSE,2026-05-15 14:57:25.576 -0700,DEMO_2026_SCENARIOS
DEMO_OI000232,90232,90232,105,1,49.99,0.00,49.99,2026-01-19 00:00:00.000,FALSE,2026-05-15 14:57:25.576 -0700,DEMO_2026_SCENARIOS
DEMO_OI000233,90233,90233,105,1,49.99,0.00,49.99,2026-01-20 00:00:00.000,FALSE,2026-05-15 14:57:25.576 -0700,DEMO_2026_SCENARIOS
DEMO_OI000234,90234,90234,105,1,49.99,0.00,49.99,2026-01-21 00:00:00.000,FALSE,2026-05-15 14:57:25.576 -0700,DEMO_2026_SCENARIOS
DEMO_OI000235,90235,90235,105,1,49.99,0.00,49.99,2026-01-22 00:00:00.000,FALSE,2026-05-15 14:57:25.576 -0700,DEMO_2026_SCENARIOS
DEMO_OI000236,90236,90236,105,1,49.99,0.00,49.99,2026-01-23 00:00:00.000,FALSE,2026-05-15 14:57:25.576 -0700,DEMO_2026_SCENARIOS
DEMO_OI000237,90237,90237,105,1,49.99,0.00,49.99,2026-01-24 00:00:00.000,FALSE,2026-05-15 14:57:25.576 -0700,DEMO_2026_SCENARIOS
DEMO_OI000238,90238,90238,105,1,49.99,0.00,49.99,2026-01-25 00:00:00.000,FALSE,2026-05-15 14:57:25.576 -0700,DEMO_2026_SCENARIOS
DEMO_OI000239,90239,90239,105,1,49.99,0.00,49.99,2026-01-26 00:00:00.000,FALSE,2026-05-15 14:57:25.576 -0700,DEMO_2026_SCENARIOS
DEMO_OI000240,90240,90240,105,1,49.99,0.00,49.99,2026-01-27 00:00:00.000,FALSE,2026-05-15 14:57:25.576 -0700,DEMO_2026_SCENARIOS
DEMO_OI000241,90241,90241,105,1,49.99,0.00,49.99,2026-01-28 00:00:00.000,FALSE,2026-05-15 14:57:25.576 -0700,DEMO_2026_SCENARIOS
DEMO_OI000242,90242,90242,105,1,49.99,0.00,49.99,2026-01-29 00:00:00.000,FALSE,2026-05-15 14:57:25.576 -0700,DEMO_2026_SCENARIOS
DEMO_OI000243,90243,90243,105,1,49.99,0.00,49.99,2026-01-30 00:00:00.000,FALSE,2026-05-15 14:57:25.576 -0700,DEMO_2026_SCENARIOS
DEMO_OI000244,90244,90244,105,1,49.99,0.00,49.99,2026-01-31 00:00:00.000,FALSE,2026-05-15 14:57:25.576 -0700,DEMO_2026_SCENARIOS
DEMO_OI000245,90245,90245,105,1,49.99,0.00,49.99,2026-02-01 00:00:00.000,FALSE,2026-05-15 14:57:25.576 -0700,DEMO_2026_SCENARIOS
DEMO_OI000246,90246,90246,105,1,49.99,0.00,49.99,2026-02-02 00:00:00.000,FALSE,2026-05-15 14:57:25.576 -0700,DEMO_2026_SCENARIOS
DEMO_OI000247,90247,90247,105,1,49.99,0.00,49.99,2026-02-03 00:00:00.000,FALSE,2026-05-15 14:57:25.576 -0700,DEMO_2026_SCENARIOS
DEMO_OI000248,90248,90248,105,1,49.99,0.00,49.99,2026-02-04 00:00:00.000,FALSE,2026-05-15 14:57:25.576 -0700,DEMO_2026_SCENARIOS
DEMO_OI000249,90249,90249,105,1,49.99,0.00,49.99,2026-02-05 00:00:00.000,FALSE,2026-05-15 14:57:25.576 -0700,DEMO_2026_SCENARIOS
DEMO_OI000250,90250,90250,105,1,49.99,0.00,49.99,2026-02-06 00:00:00.000,FALSE,2026-05-15 14:57:25.576 -0700,DEMO_2026_SCENARIOS
DEMO_OI000251,90251,90251,105,1,49.99,0.00,49.99,2026-02-07 00:00:00.000,FALSE,2026-05-15 14:57:25.576 -0700,DEMO_2026_SCENARIOS
DEMO_OI000252,90252,90252,105,1,49.99,0.00,49.99,2026-02-08 00:00:00.000,FALSE,2026-05-15 14:57:25.576 -0700,DEMO_2026_SCENARIOS
DEMO_OI000253,90253,90253,105,1,49.99,0.00,49.99,2026-02-09 00:00:00.000,FALSE,2026-05-15 14:57:25.576 -0700,DEMO_2026_SCENARIOS
DEMO_OI000254,90254,90254,105,1,49.99,0.00,49.99,2026-02-10 00:00:00.000,FALSE,2026-05-15 14:57:25.576 -0700,DEMO_2026_SCENARIOS
DEMO_OI000255,90255,90255,105,1,49.99,0.00,49.99,2026-02-11 00:00:00.000,FALSE,2026-05-15 14:57:25.576 -0700,DEMO_2026_SCENARIOS
DEMO_OI000256,90256,90256,105,1,49.99,0.00,49.99,2026-02-12 00:00:00.000,FALSE,2026-05-15 14:57:25.576 -0700,DEMO_2026_SCENARIOS
DEMO_OI000257,90257,90257,105,1,49.99,0.00,49.99,2026-02-13 00:00:00.000,FALSE,2026-05-15 14:57:25.576 -0700,DEMO_2026_SCENARIOS
DEMO_OI000258,90258,90258,105,1,49.99,0.00,49.99,2026-02-14 00:00:00.000,FALSE,2026-05-15 14:57:25.576 -0700,DEMO_2026_SCENARIOS
DEMO_OI000259,90259,90259,105,1,49.99,0.00,49.99,2026-02-15 00:00:00.000,FALSE,2026-05-15 14:57:25.576 -0700,DEMO_2026_SCENARIOS
DEMO_OI000260,90260,90260,105,1,49.99,0.00,49.99,2026-02-16 00:00:00.000,FALSE,2026-05-15 14:57:25.576 -0700,DEMO_2026_SCENARIOS
DEMO_OI000261,90261,90261,105,1,49.99,0.00,49.99,2026-02-17 00:00:00.000,FALSE,2026-05-15 14:57:25.576 -0700,DEMO_2026_SCENARIOS
DEMO_OI000262,90262,90262,105,1,49.99,0.00,49.99,2026-02-18 00:00:00.000,FALSE,2026-05-15 14:57:25.576 -0700,DEMO_2026_SCENARIOS
DEMO_OI000263,90263,90263,105,1,49.99,0.00,49.99,2026-02-19 00:00:00.000,FALSE,2026-05-15 14:57:25.576 -0700,DEMO_2026_SCENARIOS
DEMO_OI000264,90264,90264,105,1,49.99,0.00,49.99,2026-02-20 00:00:00.000,FALSE,2026-05-15 14:57:25.576 -0700,DEMO_2026_SCENARIOS
DEMO_OI000265,90265,90265,105,1,49.99,0.00,49.99,2026-02-21 00:00:00.000,FALSE,2026-05-15 14:57:25.576 -0700,DEMO_2026_SCENARIOS
DEMO_OI000266,90266,90266,105,1,49.99,0.00,49.99,2026-02-22 00:00:00.000,FALSE,2026-05-15 14:57:25.576 -0700,DEMO_2026_SCENARIOS
DEMO_OI000267,90267,90267,105,1,49.99,0.00,49.99,2026-02-23 00:00:00.000,FALSE,2026-05-15 14:57:25.576 -0700,DEMO_2026_SCENARIOS
DEMO_OI000268,90268,90268,105,1,49.99,0.00,49.99,2026-02-24 00:00:00.000,FALSE,2026-05-15 14:57:25.576 -0700,DEMO_2026_SCENARIOS
DEMO_OI000269,90269,90269,105,1,49.99,0.00,49.99,2026-02-25 00:00:00.000,FALSE,2026-05-15 14:57:25.576 -0700,DEMO_2026_SCENARIOS
DEMO_OI000270,90270,90270,105,1,49.99,0.00,49.99,2026-02-26 00:00:00.000,FALSE,2026-05-15 14:57:25.576 -0700,DEMO_2026_SCENARIOS
DEMO_OI000271,90271,90271,105,1,49.99,0.00,49.99,2026-02-27 00:00:00.000,FALSE,2026-05-15 14:57:25.576 -0700,DEMO_2026_SCENARIOS
DEMO_OI000272,90272,90272,105,1,49.99,0.00,49.99,2026-02-28 00:00:00.000,FALSE,2026-05-15 14:57:25.576 -0700,DEMO_2026_SCENARIOS
DEMO_OI000273,90273,90273,105,1,49.99,0.00,49.99,2026-03-01 00:00:00.000,FALSE,2026-05-15 14:57:25.576 -0700,DEMO_2026_SCENARIOS
DEMO_OI000274,90274,90274,105,1,49.99,0.00,49.99,2026-03-02 00:00:00.000,FALSE,2026-05-15 14:57:25.576 -0700,DEMO_2026_SCENARIOS
DEMO_OI000275,90275,90275,105,1,49.99,0.00,49.99,2026-03-03 00:00:00.000,FALSE,2026-05-15 14:57:25.576 -0700,DEMO_2026_SCENARIOS
DEMO_OI000276,90276,90276,105,1,49.99,0.00,49.99,2026-03-04 00:00:00.000,FALSE,2026-05-15 14:57:25.576 -0700,DEMO_2026_SCENARIOS
DEMO_OI000277,90277,90277,105,1,49.99,0.00,49.99,2026-03-05 00:00:00.000,FALSE,2026-05-15 14:57:25.576 -0700,DEMO_2026_SCENARIOS
DEMO_OI000278,90278,90278,105,1,49.99,0.00,49.99,2026-03-06 00:00:00.000,FALSE,2026-05-15 14:57:25.576 -0700,DEMO_2026_SCENARIOS
DEMO_OI000279,90279,90279,105,1,49.99,0.00,49.99,2026-03-07 00:00:00.000,FALSE,2026-05-15 14:57:25.576 -0700,DEMO_2026_SCENARIOS
DEMO_OI000280,90280,90280,105,1,49.99,0.00,49.99,2026-03-08 00:00:00.000,FALSE,2026-05-15 14:57:25.576 -0700,DEMO_2026_SCENARIOS
DEMO_OI000281,90281,90281,106,1,49.99,0.00,49.99,2026-03-09 00:00:00.000,FALSE,2026-05-15 14:57:25.576 -0700,DEMO_2026_SCENARIOS
DEMO_OI000282,90282,90282,106,1,49.99,0.00,49.99,2026-03-10 00:00:00.000,FALSE,2026-05-15 14:57:25.576 -0700,DEMO_2026_SCENARIOS
DEMO_OI000283,90283,90283,106,1,49.99,0.00,49.99,2026-03-11 00:00:00.000,FALSE,2026-05-15 14:57:25.576 -0700,DEMO_2026_SCENARIOS
DEMO_OI000284,90284,90284,106,1,49.99,0.00,49.99,2026-03-12 00:00:00.000,FALSE,2026-05-15 14:57:25.576 -0700,DEMO_2026_SCENARIOS
DEMO_OI000285,90285,90285,106,1,49.99,0.00,49.99,2026-03-13 00:00:00.000,FALSE,2026-05-15 14:57:25.576 -0700,DEMO_2026_SCENARIOS
DEMO_OI000286,90286,90286,106,1,49.99,0.00,49.99,2026-03-14 00:00:00.000,FALSE,2026-05-15 14:57:25.576 -0700,DEMO_2026_SCENARIOS
DEMO_OI000287,90287,90287,106,1,49.99,0.00,49.99,2026-03-15 00:00:00.000,FALSE,2026-05-15 14:57:25.576 -0700,DEMO_2026_SCENARIOS
DEMO_OI000288,90288,90288,106,1,49.99,0.00,49.99,2026-03-16 00:00:00.000,FALSE,2026-05-15 14:57:25.576 -0700,DEMO_2026_SCENARIOS
DEMO_OI000289,90289,90289,106,1,49.99,0.00,49.99,2026-03-17 00:00:00.000,FALSE,2026-05-15 14:57:25.576 -0700,DEMO_2026_SCENARIOS
DEMO_OI000290,90290,90290,106,1,49.99,0.00,49.99,2026-03-18 00:00:00.000,FALSE,2026-05-15 14:57:25.576 -0700,DEMO_2026_SCENARIOS
DEMO_OI000291,90291,90291,106,1,49.99,0.00,49.99,2026-03-19 00:00:00.000,FALSE,2026-05-15 14:57:25.576 -0700,DEMO_2026_SCENARIOS
DEMO_OI000292,90292,90292,106,1,49.99,0.00,49.99,2026-03-20 00:00:00.000,FALSE,2026-05-15 14:57:25.576 -0700,DEMO_2026_SCENARIOS
DEMO_OI000293,90293,90293,106,1,49.99,0.00,49.99,2026-03-21 00:00:00.000,FALSE,2026-05-15 14:57:25.576 -0700,DEMO_2026_SCENARIOS
DEMO_OI000294,90294,90294,106,1,49.99,0.00,49.99,2026-03-22 00:00:00.000,FALSE,2026-05-15 14:57:25.576 -0700,DEMO_2026_SCENARIOS
DEMO_OI000295,90295,90295,106,1,49.99,0.00,49.99,2026-03-23 00:00:00.000,FALSE,2026-05-15 14:57:25.576 -0700,DEMO_2026_SCENARIOS
DEMO_OI000296,90296,90296,106,1,49.99,0.00,49.99,2026-03-24 00:00:00.000,FALSE,2026-05-15 14:57:25.576 -0700,DEMO_2026_SCENARIOS
DEMO_OI000297,90297,90297,106,1,49.99,0.00,49.99,2026-03-25 00:00:00.000,FALSE,2026-05-15 14:57:25.576 -0700,DEMO_2026_SCENARIOS
DEMO_OI000298,90298,90298,106,1,49.99,0.00,49.99,2026-03-26 00:00:00.000,FALSE,2026-05-15 14:57:25.576 -0700,DEMO_2026_SCENARIOS
DEMO_OI000299,90299,90299,106,1,49.99,0.00,49.99,2026-03-27 00:00:00.000,FALSE,2026-05-15 14:57:25.576 -0700,DEMO_2026_SCENARIOS
DEMO_OI000300,90300,90300,106,1,49.99,0.00,49.99,2026-03-28 00:00:00.000,FALSE,2026-05-15 14:57:25.576 -0700,DEMO_2026_SCENARIOS
DEMO_OI000301,90301,90301,106,1,49.99,0.00,49.99,2026-03-29 00:00:00.000,FALSE,2026-05-15 14:57:25.576 -0700,DEMO_2026_SCENARIOS
DEMO_OI000302,90302,90302,106,1,49.99,0.00,49.99,2026-03-30 00:00:00.000,FALSE,2026-05-15 14:57:25.576 -0700,DEMO_2026_SCENARIOS
DEMO_OI000303,90303,90303,106,1,49.99,0.00,49.99,2026-03-31 00:00:00.000,FALSE,2026-05-15 14:57:25.576 -0700,DEMO_2026_SCENARIOS
DEMO_OI000304,90304,90304,106,1,49.99,0.00,49.99,2026-04-01 00:00:00.000,FALSE,2026-05-15 14:57:25.576 -0700,DEMO_2026_SCENARIOS
DEMO_OI000305,90305,90305,106,1,49.99,0.00,49.99,2026-04-02 00:00:00.000,FALSE,2026-05-15 14:57:25.576 -0700,DEMO_2026_SCENARIOS
DEMO_OI000306,90306,90306,106,1,49.99,0.00,49.99,2026-04-03 00:00:00.000,FALSE,2026-05-15 14:57:25.576 -0700,DEMO_2026_SCENARIOS
DEMO_OI000307,90307,90307,106,1,49.99,0.00,49.99,2026-04-04 00:00:00.000,FALSE,2026-05-15 14:57:25.576 -0700,DEMO_2026_SCENARIOS
DEMO_OI000308,90308,90308,106,1,49.99,0.00,49.99,2026-04-05 00:00:00.000,FALSE,2026-05-15 14:57:25.576 -0700,DEMO_2026_SCENARIOS
DEMO_OI000309,90309,90309,106,1,49.99,0.00,49.99,2026-04-06 00:00:00.000,FALSE,2026-05-15 14:57:25.576 -0700,DEMO_2026_SCENARIOS
DEMO_OI000310,90310,90310,106,1,49.99,0.00,49.99,2026-04-07 00:00:00.000,FALSE,2026-05-15 14:57:25.576 -0700,DEMO_2026_SCENARIOS
DEMO_OI000311,90311,90311,106,1,49.99,0.00,49.99,2026-04-08 00:00:00.000,FALSE,2026-05-15 14:57:25.576 -0700,DEMO_2026_SCENARIOS
DEMO_OI000312,90312,90312,106,1,49.99,0.00,49.99,2026-04-09 00:00:00.000,FALSE,2026-05-15 14:57:25.576 -0700,DEMO_2026_SCENARIOS
DEMO_OI000313,90313,90313,106,1,49.99,0.00,49.99,2026-04-10 00:00:00.000,FALSE,2026-05-15 14:57:25.576 -0700,DEMO_2026_SCENARIOS
DEMO_OI000314,90314,90314,106,1,49.99,0.00,49.99,2026-04-11 00:00:00.000,FALSE,2026-05-15 14:57:25.576 -0700,DEMO_2026_SCENARIOS
DEMO_OI000315,90315,90315,106,1,49.99,0.00,49.99,2026-04-12 00:00:00.000,FALSE,2026-05-15 14:57:25.576 -0700,DEMO_2026_SCENARIOS
DEMO_OI000316,90316,90316,106,1,49.99,0.00,49.99,2026-04-13 00:00:00.000,FALSE,2026-05-15 14:57:25.576 -0700,DEMO_2026_SCENARIOS
DEMO_OI000317,90317,90317,106,1,49.99,0.00,49.99,2026-04-14 00:00:00.000,FALSE,2026-05-15 14:57:25.576 -0700,DEMO_2026_SCENARIOS
DEMO_OI000318,90318,90318,106,1,49.99,0.00,49.99,2026-04-15 00:00:00.000,FALSE,2026-05-15 14:57:25.576 -0700,DEMO_2026_SCENARIOS
DEMO_OI000319,90319,90319,106,1,49.99,0.00,49.99,2026-04-16 00:00:00.000,FALSE,2026-05-15 14:57:25.576 -0700,DEMO_2026_SCENARIOS
DEMO_OI000320,90320,90320,106,1,49.99,0.00,49.99,2026-04-17 00:00:00.000,FALSE,2026-05-15 14:57:25.576 -0700,DEMO_2026_SCENARIOS
DEMO_OI000321,90321,90321,106,1,49.99,0.00,49.99,2026-04-18 00:00:00.000,FALSE,2026-05-15 14:57:25.576 -0700,DEMO_2026_SCENARIOS
DEMO_OI000322,90322,90322,106,1,49.99,0.00,49.99,2026-04-19 00:00:00.000,FALSE,2026-05-15 14:57:25.576 -0700,DEMO_2026_SCENARIOS
DEMO_OI000323,90323,90323,106,1,49.99,0.00,49.99,2026-04-20 00:00:00.000,FALSE,2026-05-15 14:57:25.576 -0700,DEMO_2026_SCENARIOS
DEMO_OI000324,90324,90324,106,1,49.99,0.00,49.99,2026-04-21 00:00:00.000,FALSE,2026-05-15 14:57:25.576 -0700,DEMO_2026_SCENARIOS
DEMO_OI000325,90325,90325,106,1,49.99,0.00,49.99,2026-04-22 00:00:00.000,FALSE,2026-05-15 14:57:25.576 -0700,DEMO_2026_SCENARIOS
DEMO_OI000326,90326,90326,106,1,49.99,0.00,49.99,2026-04-23 00:00:00.000,FALSE,2026-05-15 14:57:25.576 -0700,DEMO_2026_SCENARIOS
DEMO_OI000327,90327,90327,106,1,49.99,0.00,49.99,2026-04-24 00:00:00.000,FALSE,2026-05-15 14:57:25.576 -0700,DEMO_2026_SCENARIOS
DEMO_OI000328,90328,90328,106,1,49.99,0.00,49.99,2026-04-25 00:00:00.000,FALSE,2026-05-15 14:57:25.576 -0700,DEMO_2026_SCENARIOS
DEMO_OI000329,90329,90329,106,1,49.99,0.00,49.99,2026-04-26 00:00:00.000,FALSE,2026-05-15 14:57:25.576 -0700,DEMO_2026_SCENARIOS
DEMO_OI000330,90330,90330,106,1,49.99,0.00,49.99,2026-04-27 00:00:00.000,FALSE,2026-05-15 14:57:25.576 -0700,DEMO_2026_SCENARIOS
DEMO_OI000331,90331,90331,106,1,49.99,0.00,49.99,2026-04-28 00:00:00.000,FALSE,2026-05-15 14:57:25.576 -0700,DEMO_2026_SCENARIOS
DEMO_OI000332,90332,90332,106,1,49.99,0.00,49.99,2026-04-29 00:00:00.000,FALSE,2026-05-15 14:57:25.576 -0700,DEMO_2026_SCENARIOS
DEMO_OI000333,90333,90333,106,1,49.99,0.00,49.99,2026-04-30 00:00:00.000,FALSE,2026-05-15 14:57:25.576 -0700,DEMO_2026_SCENARIOS
DEMO_OI000334,90334,90334,106,1,49.99,0.00,49.99,2026-05-01 00:00:00.000,FALSE,2026-05-15 14:57:25.576 -0700,DEMO_2026_SCENARIOS
DEMO_OI000335,90335,90335,106,1,49.99,0.00,49.99,2026-05-02 00:00:00.000,FALSE,2026-05-15 14:57:25.576 -0700,DEMO_2026_SCENARIOS
DEMO_OI000336,90336,90336,106,1,49.99,0.00,49.99,2026-05-03 00:00:00.000,FALSE,2026-05-15 14:57:25.576 -0700,DEMO_2026_SCENARIOS
DEMO_OI000337,90337,90337,106,1,49.99,0.00,49.99,2026-05-04 00:00:00.000,FALSE,2026-05-15 14:57:25.576 -0700,DEMO_2026_SCENARIOS
DEMO_OI000338,90338,90338,106,1,49.99,0.00,49.99,2026-05-05 00:00:00.000,FALSE,2026-05-15 14:57:25.576 -0700,DEMO_2026_SCENARIOS
DEMO_OI000339,90339,90339,106,1,49.99,0.00,49.99,2026-05-06 00:00:00.000,FALSE,2026-05-15 14:57:25.576 -0700,DEMO_2026_SCENARIOS
DEMO_OI000340,90340,90340,106,1,49.99,0.00,49.99,2026-05-07 00:00:00.000,FALSE,2026-05-15 14:57:25.576 -0700,DEMO_2026_SCENARIOS
DEMO_OI000341,90341,90341,106,1,49.99,0.00,49.99,2026-05-08 00:00:00.000,FALSE,2026-05-15 14:57:25.576 -0700,DEMO_2026_SCENARIOS
DEMO_OI000342,90342,90342,106,1,49.99,0.00,49.99,2026-05-09 00:00:00.000,FALSE,2026-05-15 14:57:25.576 -0700,DEMO_2026_SCENARIOS
DEMO_OI000343,90343,90343,106,1,49.99,0.00,49.99,2026-05-10 00:00:00.000,FALSE,2026-05-15 14:57:25.576 -0700,DEMO_2026_SCENARIOS
DEMO_OI000344,90344,90344,106,1,49.99,0.00,49.99,2026-05-11 00:00:00.000,FALSE,2026-05-15 14:57:25.576 -0700,DEMO_2026_SCENARIOS
DEMO_OI000345,90345,90345,106,1,49.99,0.00,49.99,2026-05-12 00:00:00.000,FALSE,2026-05-15 14:57:25.576 -0700,DEMO_2026_SCENARIOS
DEMO_OI000346,90346,90346,106,1,49.99,0.00,49.99,2026-05-13 00:00:00.000,FALSE,2026-05-15 14:57:25.576 -0700,DEMO_2026_SCENARIOS
DEMO_OI000347,90347,90347,106,1,49.99,0.00,49.99,2026-05-14 00:00:00.000,FALSE,2026-05-15 14:57:25.576 -0700,DEMO_2026_SCENARIOS
DEMO_OI000348,90348,90348,106,1,49.99,0.00,49.99,2026-05-15 00:00:00.000,FALSE,2026-05-15 14:57:25.576 -0700,DEMO_2026_SCENARIOS
DEMO_OI000349,90349,90349,106,1,49.99,0.00,49.99,2026-05-16 00:00:00.000,FALSE,2026-05-15 14:57:25.576 -0700,DEMO_2026_SCENARIOS
DEMO_OI000350,90350,90350,106,1,49.99,0.00,49.99,2026-05-17 00:00:00.000,FALSE,2026-05-15 14:57:25.576 -0700,DEMO_2026_SCENARIOS
DEMO_OI000351,90351,90351,107,1,49.99,0.00,49.99,2026-05-18 00:00:00.000,FALSE,2026-05-15 14:57:25.576 -0700,DEMO_2026_SCENARIOS
DEMO_OI000352,90352,90352,107,1,49.99,0.00,49.99,2026-05-19 00:00:00.000,FALSE,2026-05-15 14:57:25.576 -0700,DEMO_2026_SCENARIOS
DEMO_OI000353,90353,90353,107,1,49.99,0.00,49.99,2026-05-20 00:00:00.000,FALSE,2026-05-15 14:57:25.576 -0700,DEMO_2026_SCENARIOS
DEMO_OI000354,90354,90354,107,1,49.99,0.00,49.99,2026-05-21 00:00:00.000,FALSE,2026-05-15 14:57:25.576 -0700,DEMO_2026_SCENARIOS
DEMO_OI000355,90355,90355,107,1,49.99,0.00,49.99,2026-05-22 00:00:00.000,FALSE,2026-05-15 14:57:25.576 -0700,DEMO_2026_SCENARIOS
DEMO_OI000356,90356,90356,107,1,49.99,0.00,49.99,2026-05-23 00:00:00.000,FALSE,2026-05-15 14:57:25.576 -0700,DEMO_2026_SCENARIOS
DEMO_OI000357,90357,90357,107,1,49.99,0.00,49.99,2026-05-24 00:00:00.000,FALSE,2026-05-15 14:57:25.576 -0700,DEMO_2026_SCENARIOS
DEMO_OI000358,90358,90358,107,1,49.99,0.00,49.99,2026-05-25 00:00:00.000,FALSE,2026-05-15 14:57:25.576 -0700,DEMO_2026_SCENARIOS
DEMO_OI000359,90359,90359,107,1,49.99,0.00,49.99,2026-05-26 00:00:00.000,FALSE,2026-05-15 14:57:25.576 -0700,DEMO_2026_SCENARIOS
DEMO_OI000360,90360,90360,107,1,49.99,0.00,49.99,2026-05-27 00:00:00.000,FALSE,2026-05-15 14:57:25.576 -0700,DEMO_2026_SCENARIOS
DEMO_OI000361,90361,90361,107,1,49.99,0.00,49.99,2026-05-28 00:00:00.000,FALSE,2026-05-15 14:57:25.576 -0700,DEMO_2026_SCENARIOS
DEMO_OI000362,90362,90362,107,1,49.99,0.00,49.99,2026-05-29 00:00:00.000,FALSE,2026-05-15 14:57:25.576 -0700,DEMO_2026_SCENARIOS
DEMO_OI000363,90363,90363,107,1,49.99,0.00,49.99,2026-05-30 00:00:00.000,FALSE,2026-05-15 14:57:25.576 -0700,DEMO_2026_SCENARIOS
DEMO_OI000364,90364,90364,107,1,49.99,0.00,49.99,2026-05-31 00:00:00.000,FALSE,2026-05-15 14:57:25.576 -0700,DEMO_2026_SCENARIOS
DEMO_OI000365,90365,90365,107,1,49.99,0.00,49.99,2026-06-01 00:00:00.000,FALSE,2026-05-15 14:57:25.576 -0700,DEMO_2026_SCENARIOS
DEMO_OI000366,90366,90366,107,1,49.99,0.00,49.99,2025-06-02 00:00:00.000,FALSE,2026-05-15 14:57:25.576 -0700,DEMO_2026_SCENARIOS
DEMO_OI000367,90367,90367,107,1,49.99,0.00,49.99,2025-06-03 00:00:00.000,FALSE,2026-05-15 14:57:25.576 -0700,DEMO_2026_SCENARIOS
DEMO_OI000368,90368,90368,107,1,49.99,0.00,49.99,2025-06-04 00:00:00.000,FALSE,2026-05-15 14:57:25.576 -0700,DEMO_2026_SCENARIOS
DEMO_OI000369,90369,90369,107,1,49.99,0.00,49.99,2025-06-05 00:00:00.000,FALSE,2026-05-15 14:57:25.576 -0700,DEMO_2026_SCENARIOS
DEMO_OI000370,90370,90370,107,1,49.99,0.00,49.99,2025-06-06 00:00:00.000,FALSE,2026-05-15 14:57:25.576 -0700,DEMO_2026_SCENARIOS
DEMO_OI000371,90371,90371,107,1,49.99,0.00,49.99,2025-06-07 00:00:00.000,FALSE,2026-05-15 14:57:25.576 -0700,DEMO_2026_SCENARIOS
DEMO_OI000372,90372,90372,107,1,49.99,0.00,49.99,2025-06-08 00:00:00.000,FALSE,2026-05-15 14:57:25.576 -0700,DEMO_2026_SCENARIOS
DEMO_OI000373,90373,90373,107,1,49.99,0.00,49.99,2025-06-09 00:00:00.000,FALSE,2026-05-15 14:57:25.576 -0700,DEMO_2026_SCENARIOS
DEMO_OI000374,90374,90374,107,1,49.99,0.00,49.99,2025-06-10 00:00:00.000,FALSE,2026-05-15 14:57:25.576 -0700,DEMO_2026_SCENARIOS
DEMO_OI000375,90375,90375,107,1,49.99,0.00,49.99,2025-06-11 00:00:00.000,FALSE,2026-05-15 14:57:25.576 -0700,DEMO_2026_SCENARIOS
DEMO_OI000376,90376,90376,107,1,49.99,0.00,49.99,2025-06-12 00:00:00.000,FALSE,2026-05-15 14:57:25.576 -0700,DEMO_2026_SCENARIOS
DEMO_OI000377,90377,90377,107,1,49.99,0.00,49.99,2025-06-13 00:00:00.000,FALSE,2026-05-15 14:57:25.576 -0700,DEMO_2026_SCENARIOS
DEMO_OI000378,90378,90378,107,1,49.99,0.00,49.99,2025-06-14 00:00:00.000,FALSE,2026-05-15 14:57:25.576 -0700,DEMO_2026_SCENARIOS
DEMO_OI000379,90379,90379,107,1,49.99,0.00,49.99,2025-06-15 00:00:00.000,FALSE,2026-05-15 14:57:25.576 -0700,DEMO_2026_SCENARIOS
DEMO_OI000380,90380,90380,107,1,49.99,0.00,49.99,2025-06-16 00:00:00.000,FALSE,2026-05-15 14:57:25.576 -0700,DEMO_2026_SCENARIOS
DEMO_OI000381,90381,90381,107,1,49.99,0.00,49.99,2025-06-17 00:00:00.000,FALSE,2026-05-15 14:57:25.576 -0700,DEMO_2026_SCENARIOS
DEMO_OI000382,90382,90382,107,1,49.99,0.00,49.99,2025-06-18 00:00:00.000,FALSE,2026-05-15 14:57:25.576 -0700,DEMO_2026_SCENARIOS
DEMO_OI000383,90383,90383,107,1,49.99,0.00,49.99,2025-06-19 00:00:00.000,FALSE,2026-05-15 14:57:25.576 -0700,DEMO_2026_SCENARIOS
DEMO_OI000384,90384,90384,107,1,49.99,0.00,49.99,2025-06-20 00:00:00.000,FALSE,2026-05-15 14:57:25.576 -0700,DEMO_2026_SCENARIOS
DEMO_OI000385,90385,90385,107,1,49.99,0.00,49.99,2025-06-21 00:00:00.000,FALSE,2026-05-15 14:57:25.576 -0700,DEMO_2026_SCENARIOS
DEMO_OI000386,90386,90386,107,1,49.99,0.00,49.99,2025-06-22 00:00:00.000,FALSE,2026-05-15 14:57:25.576 -0700,DEMO_2026_SCENARIOS
DEMO_OI000387,90387,90387,107,1,49.99,0.00,49.99,2025-06-23 00:00:00.000,FALSE,2026-05-15 14:57:25.576 -0700,DEMO_2026_SCENARIOS
DEMO_OI000388,90388,90388,107,1,49.99,0.00,49.99,2025-06-24 00:00:00.000,FALSE,2026-05-15 14:57:25.576 -0700,DEMO_2026_SCENARIOS
DEMO_OI000389,90389,90389,107,1,49.99,0.00,49.99,2025-06-25 00:00:00.000,FALSE,2026-05-15 14:57:25.576 -0700,DEMO_2026_SCENARIOS
DEMO_OI000390,90390,90390,107,1,49.99,0.00,49.99,2025-06-26 00:00:00.000,FALSE,2026-05-15 14:57:25.576 -0700,DEMO_2026_SCENARIOS
DEMO_OI000391,90391,90391,107,1,49.99,0.00,49.99,2025-06-27 00:00:00.000,FALSE,2026-05-15 14:57:25.576 -0700,DEMO_2026_SCENARIOS
DEMO_OI000392,90392,90392,107,1,49.99,0.00,49.99,2025-06-28 00:00:00.000,FALSE,2026-05-15 14:57:25.576 -0700,DEMO_2026_SCENARIOS
DEMO_OI000393,90393,90393,107,1,49.99,0.00,49.99,2025-06-29 00:00:00.000,FALSE,2026-05-15 14:57:25.576 -0700,DEMO_2026_SCENARIOS
DEMO_OI000394,90394,90394,107,1,49.99,0.00,49.99,2025-06-30 00:00:00.000,FALSE,2026-05-15 14:57:25.576 -0700,DEMO_2026_SCENARIOS
DEMO_OI000395,90395,90395,107,1,49.99,0.00,49.99,2025-07-01 00:00:00.000,FALSE,2026-05-15 14:57:25.576 -0700,DEMO_2026_SCENARIOS
DEMO_OI000396,90396,90396,107,1,49.99,0.00,49.99,2025-07-02 00:00:00.000,FALSE,2026-05-15 14:57:25.576 -0700,DEMO_2026_SCENARIOS
DEMO_OI000397,90397,90397,107,1,49.99,0.00,49.99,2025-07-03 00:00:00.000,FALSE,2026-05-15 14:57:25.576 -0700,DEMO_2026_SCENARIOS
DEMO_OI000398,90398,90398,107,1,49.99,0.00,49.99,2025-07-04 00:00:00.000,FALSE,2026-05-15 14:57:25.576 -0700,DEMO_2026_SCENARIOS
DEMO_OI000399,90399,90399,107,1,49.99,0.00,49.99,2025-07-05 00:00:00.000,FALSE,2026-05-15 14:57:25.576 -0700,DEMO_2026_SCENARIOS
DEMO_OI000400,90400,90400,107,1,49.99,0.00,49.99,2025-07-06 00:00:00.000,FALSE,2026-05-15 14:57:25.576 -0700,DEMO_2026_SCENARIOS
DEMO_OI000401,90401,90401,107,1,49.99,0.00,49.99,2025-07-07 00:00:00.000,FALSE,2026-05-15 14:57:25.576 -0700,DEMO_2026_SCENARIOS
DEMO_OI000402,90402,90402,107,1,49.99,0.00,49.99,2025-07-08 00:00:00.000,FALSE,2026-05-15 14:57:25.576 -0700,DEMO_2026_SCENARIOS
DEMO_OI000403,90403,90403,107,1,49.99,0.00,49.99,2025-07-09 00:00:00.000,FALSE,2026-05-15 14:57:25.576 -0700,DEMO_2026_SCENARIOS
DEMO_OI000404,90404,90404,107,1,49.99,0.00,49.99,2025-07-10 00:00:00.000,FALSE,2026-05-15 14:57:25.576 -0700,DEMO_2026_SCENARIOS
DEMO_OI000405,90405,90405,107,1,49.99,0.00,49.99,2025-07-11 00:00:00.000,FALSE,2026-05-15 14:57:25.576 -0700,DEMO_2026_SCENARIOS
DEMO_OI000406,90406,90406,107,1,49.99,0.00,49.99,2025-07-12 00:00:00.000,FALSE,2026-05-15 14:57:25.576 -0700,DEMO_2026_SCENARIOS
DEMO_OI000407,90407,90407,107,1,49.99,0.00,49.99,2025-07-13 00:00:00.000,FALSE,2026-05-15 14:57:25.576 -0700,DEMO_2026_SCENARIOS
DEMO_OI000408,90408,90408,107,1,49.99,0.00,49.99,2025-07-14 00:00:00.000,FALSE,2026-05-15 14:57:25.576 -0700,DEMO_2026_SCENARIOS
DEMO_OI000409,90409,90409,107,1,49.99,0.00,49.99,2025-07-15 00:00:00.000,FALSE,2026-05-15 14:57:25.576 -0700,DEMO_2026_SCENARIOS
DEMO_OI000410,90410,90410,107,1,49.99,0.00,49.99,2025-07-16 00:00:00.000,FALSE,2026-05-15 14:57:25.576 -0700,DEMO_2026_SCENARIOS
DEMO_OI000411,90411,90411,107,1,49.99,0.00,49.99,2025-07-17 00:00:00.000,FALSE,2026-05-15 14:57:25.576 -0700,DEMO_2026_SCENARIOS
DEMO_OI000412,90412,90412,107,1,49.99,0.00,49.99,2025-07-18 00:00:00.000,FALSE,2026-05-15 14:57:25.576 -0700,DEMO_2026_SCENARIOS
DEMO_OI000413,90413,90413,107,1,49.99,0.00,49.99,2025-07-19 00:00:00.000,FALSE,2026-05-15 14:57:25.576 -0700,DEMO_2026_SCENARIOS
DEMO_OI000414,90414,90414,107,1,49.99,0.00,49.99,2025-07-20 00:00:00.000,FALSE,2026-05-15 14:57:25.576 -0700,DEMO_2026_SCENARIOS
DEMO_OI000415,90415,90415,107,1,49.99,0.00,49.99,2025-07-21 00:00:00.000,FALSE,2026-05-15 14:57:25.576 -0700,DEMO_2026_SCENARIOS
DEMO_OI000416,90416,90416,108,1,49.99,0.00,49.99,2025-07-22 00:00:00.000,FALSE,2026-05-15 14:57:25.576 -0700,DEMO_2026_SCENARIOS
DEMO_OI000417,90417,90417,108,1,49.99,0.00,49.99,2025-07-23 00:00:00.000,FALSE,2026-05-15 14:57:25.576 -0700,DEMO_2026_SCENARIOS
DEMO_OI000418,90418,90418,108,1,49.99,0.00,49.99,2025-07-24 00:00:00.000,FALSE,2026-05-15 14:57:25.576 -0700,DEMO_2026_SCENARIOS
DEMO_OI000419,90419,90419,108,1,49.99,0.00,49.99,2025-07-25 00:00:00.000,FALSE,2026-05-15 14:57:25.576 -0700,DEMO_2026_SCENARIOS
DEMO_OI000420,90420,90420,108,1,49.99,0.00,49.99,2025-07-26 00:00:00.000,FALSE,2026-05-15 14:57:25.576 -0700,DEMO_2026_SCENARIOS
DEMO_OI000421,90421,90421,108,1,49.99,0.00,49.99,2025-07-27 00:00:00.000,FALSE,2026-05-15 14:57:25.576 -0700,DEMO_2026_SCENARIOS
DEMO_OI000422,90422,90422,108,1,49.99,0.00,49.99,2025-07-28 00:00:00.000,FALSE,2026-05-15 14:57:25.576 -0700,DEMO_2026_SCENARIOS
DEMO_OI000423,90423,90423,108,1,49.99,0.00,49.99,2025-07-29 00:00:00.000,FALSE,2026-05-15 14:57:25.576 -0700,DEMO_2026_SCENARIOS
DEMO_OI000424,90424,90424,108,1,49.99,0.00,49.99,2025-07-30 00:00:00.000,FALSE,2026-05-15 14:57:25.576 -0700,DEMO_2026_SCENARIOS
DEMO_OI000425,90425,90425,108,1,49.99,0.00,49.99,2025-07-31 00:00:00.000,FALSE,2026-05-15 14:57:25.576 -0700,DEMO_2026_SCENARIOS
DEMO_OI000426,90426,90426,108,1,49.99,0.00,49.99,2025-08-01 00:00:00.000,FALSE,2026-05-15 14:57:25.576 -0700,DEMO_2026_SCENARIOS
DEMO_OI000427,90427,90427,108,1,49.99,0.00,49.99,2025-08-02 00:00:00.000,FALSE,2026-05-15 14:57:25.576 -0700,DEMO_2026_SCENARIOS
DEMO_OI000428,90428,90428,108,1,49.99,0.00,49.99,2025-08-03 00:00:00.000,FALSE,2026-05-15 14:57:25.576 -0700,DEMO_2026_SCENARIOS
DEMO_OI000429,90429,90429,108,1,49.99,0.00,49.99,2025-08-04 00:00:00.000,FALSE,2026-05-15 14:57:25.576 -0700,DEMO_2026_SCENARIOS
DEMO_OI000430,90430,90430,108,1,49.99,0.00,49.99,2025-08-05 00:00:00.000,FALSE,2026-05-15 14:57:25.576 -0700,DEMO_2026_SCENARIOS
DEMO_OI000431,90431,90431,108,1,49.99,0.00,49.99,2025-08-06 00:00:00.000,FALSE,2026-05-15 14:57:25.576 -0700,DEMO_2026_SCENARIOS
DEMO_OI000432,90432,90432,108,1,49.99,0.00,49.99,2025-08-07 00:00:00.000,FALSE,2026-05-15 14:57:25.576 -0700,DEMO_2026_SCENARIOS
DEMO_OI000433,90433,90433,108,1,49.99,0.00,49.99,2025-08-08 00:00:00.000,FALSE,2026-05-15 14:57:25.576 -0700,DEMO_2026_SCENARIOS
DEMO_OI000434,90434,90434,108,1,49.99,0.00,49.99,2025-08-09 00:00:00.000,FALSE,2026-05-15 14:57:25.576 -0700,DEMO_2026_SCENARIOS
DEMO_OI000435,90435,90435,108,1,49.99,0.00,49.99,2025-08-10 00:00:00.000,FALSE,2026-05-15 14:57:25.576 -0700,DEMO_2026_SCENARIOS
DEMO_OI000436,90436,90436,108,1,49.99,0.00,49.99,2025-08-11 00:00:00.000,FALSE,2026-05-15 14:57:25.576 -0700,DEMO_2026_SCENARIOS
DEMO_OI000437,90437,90437,108,1,49.99,0.00,49.99,2025-08-12 00:00:00.000,FALSE,2026-05-15 14:57:25.576 -0700,DEMO_2026_SCENARIOS
DEMO_OI000438,90438,90438,108,1,49.99,0.00,49.99,2025-08-13 00:00:00.000,FALSE,2026-05-15 14:57:25.576 -0700,DEMO_2026_SCENARIOS
DEMO_OI000439,90439,90439,108,1,49.99,0.00,49.99,2025-08-14 00:00:00.000,FALSE,2026-05-15 14:57:25.576 -0700,DEMO_2026_SCENARIOS
DEMO_OI000440,90440,90440,108,1,49.99,0.00,49.99,2025-08-15 00:00:00.000,FALSE,2026-05-15 14:57:25.576 -0700,DEMO_2026_SCENARIOS
DEMO_OI000441,90441,90441,108,1,49.99,0.00,49.99,2025-08-16 00:00:00.000,FALSE,2026-05-15 14:57:25.576 -0700,DEMO_2026_SCENARIOS
DEMO_OI000442,90442,90442,108,1,49.99,0.00,49.99,2025-08-17 00:00:00.000,FALSE,2026-05-15 14:57:25.576 -0700,DEMO_2026_SCENARIOS
DEMO_OI000443,90443,90443,108,1,49.99,0.00,49.99,2025-08-18 00:00:00.000,FALSE,2026-05-15 14:57:25.576 -0700,DEMO_2026_SCENARIOS
DEMO_OI000444,90444,90444,108,1,49.99,0.00,49.99,2025-08-19 00:00:00.000,FALSE,2026-05-15 14:57:25.576 -0700,DEMO_2026_SCENARIOS
DEMO_OI000445,90445,90445,108,1,49.99,0.00,49.99,2025-08-20 00:00:00.000,FALSE,2026-05-15 14:57:25.576 -0700,DEMO_2026_SCENARIOS
DEMO_OI000446,90446,90446,108,1,49.99,0.00,49.99,2025-08-21 00:00:00.000,FALSE,2026-05-15 14:57:25.576 -0700,DEMO_2026_SCENARIOS
DEMO_OI000447,90447,90447,108,1,49.99,0.00,49.99,2025-08-22 00:00:00.000,FALSE,2026-05-15 14:57:25.576 -0700,DEMO_2026_SCENARIOS
DEMO_OI000448,90448,90448,108,1,49.99,0.00,49.99,2025-08-23 00:00:00.000,FALSE,2026-05-15 14:57:25.576 -0700,DEMO_2026_SCENARIOS
DEMO_OI000449,90449,90449,108,1,49.99,0.00,49.99,2025-08-24 00:00:00.000,FALSE,2026-05-15 14:57:25.576 -0700,DEMO_2026_SCENARIOS
DEMO_OI000450,90450,90450,108,1,49.99,0.00,49.99,2025-08-25 00:00:00.000,FALSE,2026-05-15 14:57:25.576 -0700,DEMO_2026_SCENARIOS
DEMO_OI000451,90451,90451,108,1,49.99,0.00,49.99,2025-08-26 00:00:00.000,FALSE,2026-05-15 14:57:25.576 -0700,DEMO_2026_SCENARIOS
DEMO_OI000452,90452,90452,108,1,49.99,0.00,49.99,2025-08-27 00:00:00.000,FALSE,2026-05-15 14:57:25.576 -0700,DEMO_2026_SCENARIOS
DEMO_OI000453,90453,90453,108,1,49.99,0.00,49.99,2025-08-28 00:00:00.000,FALSE,2026-05-15 14:57:25.576 -0700,DEMO_2026_SCENARIOS
DEMO_OI000454,90454,90454,108,1,49.99,0.00,49.99,2025-08-29 00:00:00.000,FALSE,2026-05-15 14:57:25.576 -0700,DEMO_2026_SCENARIOS
DEMO_OI000455,90455,90455,108,1,49.99,0.00,49.99,2025-08-30 00:00:00.000,FALSE,2026-05-15 14:57:25.576 -0700,DEMO_2026_SCENARIOS
DEMO_OI000456,90456,90456,108,1,49.99,0.00,49.99,2025-08-31 00:00:00.000,FALSE,2026-05-15 14:57:25.576 -0700,DEMO_2026_SCENARIOS
DEMO_OI000457,90457,90457,108,1,49.99,0.00,49.99,2025-09-01 00:00:00.000,FALSE,2026-05-15 14:57:25.576 -0700,DEMO_2026_SCENARIOS
DEMO_OI000458,90458,90458,108,1,49.99,0.00,49.99,2025-09-02 00:00:00.000,FALSE,2026-05-15 14:57:25.576 -0700,DEMO_2026_SCENARIOS
DEMO_OI000459,90459,90459,108,1,49.99,0.00,49.99,2025-09-03 00:00:00.000,FALSE,2026-05-15 14:57:25.576 -0700,DEMO_2026_SCENARIOS
DEMO_OI000460,90460,90460,108,1,49.99,0.00,49.99,2025-09-04 00:00:00.000,FALSE,2026-05-15 14:57:25.576 -0700,DEMO_2026_SCENARIOS
DEMO_OI000461,90461,90461,108,1,49.99,0.00,49.99,2025-09-05 00:00:00.000,FALSE,2026-05-15 14:57:25.576 -0700,DEMO_2026_SCENARIOS
DEMO_OI000462,90462,90462,108,1,49.99,0.00,49.99,2025-09-06 00:00:00.000,FALSE,2026-05-15 14:57:25.576 -0700,DEMO_2026_SCENARIOS
DEMO_OI000463,90463,90463,108,1,49.99,0.00,49.99,2025-09-07 00:00:00.000,FALSE,2026-05-15 14:57:25.576 -0700,DEMO_2026_SCENARIOS
DEMO_OI000464,90464,90464,108,1,49.99,0.00,49.99,2025-09-08 00:00:00.000,FALSE,2026-05-15 14:57:25.576 -0700,DEMO_2026_SCENARIOS
DEMO_OI000465,90465,90465,108,1,49.99,0.00,49.99,2025-09-09 00:00:00.000,FALSE,2026-05-15 14:57:25.576 -0700,DEMO_2026_SCENARIOS
DEMO_OI000466,90466,90466,108,1,49.99,0.00,49.99,2025-09-10 00:00:00.000,FALSE,2026-05-15 14:57:25.576 -0700,DEMO_2026_SCENARIOS
DEMO_OI000467,90467,90467,108,1,49.99,0.00,49.99,2025-09-11 00:00:00.000,FALSE,2026-05-15 14:57:25.576 -0700,DEMO_2026_SCENARIOS
DEMO_OI000468,90468,90468,108,1,49.99,0.00,49.99,2025-09-12 00:00:00.000,FALSE,2026-05-15 14:57:25.576 -0700,DEMO_2026_SCENARIOS
DEMO_OI000469,90469,90469,108,1,49.99,0.00,49.99,2025-09-13 00:00:00.000,FALSE,2026-05-15 14:57:25.576 -0700,DEMO_2026_SCENARIOS
DEMO_OI000470,90470,90470,108,1,49.99,0.00,49.99,2025-09-14 00:00:00.000,FALSE,2026-05-15 14:57:25.576 -0700,DEMO_2026_SCENARIOS
DEMO_OI000471,90471,90471,108,1,49.99,0.00,49.99,2025-09-15 00:00:00.000,FALSE,2026-05-15 14:57:25.576 -0700,DEMO_2026_SCENARIOS
DEMO_OI000472,90472,90472,108,1,49.99,0.00,49.99,2025-09-16 00:00:00.000,FALSE,2026-05-15 14:57:25.576 -0700,DEMO_2026_SCENARIOS
DEMO_OI000473,90473,90473,108,1,49.99,0.00,49.99,2025-09-17 00:00:00.000,FALSE,2026-05-15 14:57:25.576 -0700,DEMO_2026_SCENARIOS
DEMO_OI000474,90474,90474,108,1,49.99,0.00,49.99,2025-09-18 00:00:00.000,FALSE,2026-05-15 14:57:25.576 -0700,DEMO_2026_SCENARIOS
DEMO_OI000475,90475,90475,108,1,49.99,0.00,49.99,2025-09-19 00:00:00.000,FALSE,2026-05-15 14:57:25.576 -0700,DEMO_2026_SCENARIOS
DEMO_OIC_000001,91001,91001,50,1,140.00,0.00,140.00,2026-01-10 10:00:00.000,FALSE,2026-05-15 14:57:32.174 -0700,DEMO_2026_SCENARIOS
DEMO_OIC_000002,91002,91002,50,1,160.00,0.00,160.00,2026-02-05 10:00:00.000,FALSE,2026-05-15 14:57:32.174 -0700,DEMO_2026_SCENARIOS
DEMO_OIC_000003,91003,91003,50,1,145.00,0.00,145.00,2026-03-12 10:00:00.000,FALSE,2026-05-15 14:57:32.174 -0700,DEMO_2026_SCENARIOS
DEMO_OIC_000004,91004,91004,50,1,155.00,0.00,155.00,2026-04-18 10:00:00.000,FALSE,2026-05-15 14:57:32.174 -0700,DEMO_2026_SCENARIOS
DEMO_OIC_000005,91005,91005,50,1,150.00,0.00,150.00,2026-05-20 10:00:00.000,FALSE,2026-05-15 14:57:32.174 -0700,DEMO_2026_SCENARIOS
DEMO_OIC_000006,91006,91006,50,1,110.00,0.00,110.00,2026-01-20 10:00:00.000,FALSE,2026-05-15 14:57:32.174 -0700,DEMO_2026_SCENARIOS
DEMO_OIC_000007,91007,91007,50,1,125.00,0.00,125.00,2026-03-15 10:00:00.000,FALSE,2026-05-15 14:57:32.174 -0700,DEMO_2026_SCENARIOS
DEMO_OIC_000008,91008,91008,50,1,125.00,0.00,125.00,2026-05-01 10:00:00.000,FALSE,2026-05-15 14:57:32.174 -0700,DEMO_2026_SCENARIOS
DEMO_OIC_000009,91009,91009,50,1,120.00,0.00,120.00,2026-01-05 10:00:00.000,FALSE,2026-05-15 14:57:32.174 -0700,DEMO_2026_SCENARIOS
DEMO_OIC_000010,91010,91010,50,1,135.00,0.00,135.00,2026-02-14 10:00:00.000,FALSE,2026-05-15 14:57:32.174 -0700,DEMO_2026_SCENARIOS
DEMO_OIC_000011,91011,91011,50,1,140.00,0.00,140.00,2026-03-30 10:00:00.000,FALSE,2026-05-15 14:57:32.174 -0700,DEMO_2026_SCENARIOS
DEMO_OIC_000012,91012,91012,50,1,125.00,0.00,125.00,2026-05-10 10:00:00.000,FALSE,2026-05-15 14:57:32.174 -0700,DEMO_2026_SCENARIOS
DEMO_OIC_000013,91013,91013,50,1,330.00,0.00,330.00,2026-02-10 10:00:00.000,FALSE,2026-05-15 14:57:32.174 -0700,DEMO_2026_SCENARIOS
DEMO_OIC_000014,91014,91014,50,1,70.00,0.00,70.00,2026-04-05 10:00:00.000,FALSE,2026-05-15 14:57:32.174 -0700,DEMO_2026_SCENARIOS
DEMO_OIC_000015,91015,91015,50,1,420.00,0.00,420.00,2026-03-22 10:00:00.000,FALSE,2026-05-15 14:57:32.174 -0700,DEMO_2026_SCENARIOS
DEMO_OIC_000016,91016,91026,10,1,150.00,0.00,150.00,2026-01-08 10:00:00.000,FALSE,2026-05-15 14:57:32.174 -0700,DEMO_2026_SCENARIOS
DEMO_OIC_000017,91017,91027,10,1,160.00,0.00,160.00,2026-02-02 10:00:00.000,FALSE,2026-05-15 14:57:32.174 -0700,DEMO_2026_SCENARIOS
DEMO_OIC_000018,91018,91028,10,1,170.00,0.00,170.00,2026-02-28 10:00:00.000,FALSE,2026-05-15 14:57:32.174 -0700,DEMO_2026_SCENARIOS
DEMO_OIC_000019,91019,91029,10,1,330.00,0.00,330.00,2026-03-20 10:00:00.000,FALSE,2026-05-15 14:57:32.174 -0700,DEMO_2026_SCENARIOS
DEMO_OIC_000020,91020,91030,10,1,140.00,0.00,140.00,2026-04-15 10:00:00.000,FALSE,2026-05-15 14:57:32.174 -0700,DEMO_2026_SCENARIOS
DEMO_OIC_000021,91021,91031,10,1,45.00,0.00,45.00,2026-04-20 10:00:00.000,FALSE,2026-05-15 14:57:32.174 -0700,DEMO_2026_SCENARIOS
DEMO_OIC_000022,91022,91032,10,1,50.00,0.00,50.00,2026-04-25 10:00:00.000,FALSE,2026-05-15 14:57:32.174 -0700,DEMO_2026_SCENARIOS
DEMO_OIC_000023,91023,91033,10,1,40.00,0.00,40.00,2026-05-01 10:00:00.000,FALSE,2026-05-15 14:57:32.174 -0700,DEMO_2026_SCENARIOS
DEMO_OIC_000024,91024,91034,10,1,55.00,0.00,55.00,2026-05-10 10:00:00.000,FALSE,2026-05-15 14:57:32.174 -0700,DEMO_2026_SCENARIOS
DEMO_OIC_000025,91025,91035,10,1,48.00,0.00,48.00,2026-05-20 10:00:00.000,FALSE,2026-05-15 14:57:32.174 -0700,DEMO_2026_SCENARIOS
DEMO_OIC_000026,91026,91036,50,1,300.00,0.00,300.00,2026-01-15 10:00:00.000,FALSE,2026-05-15 14:57:32.174 -0700,DEMO_2026_SCENARIOS
DEMO_OIC_000027,91027,91037,50,1,330.00,0.00,330.00,2026-02-20 10:00:00.000,FALSE,2026-05-15 14:57:32.174 -0700,DEMO_2026_SCENARIOS
DEMO_OIC_000028,91028,91038,50,1,310.00,0.00,310.00,2026-03-25 10:00:00.000,FALSE,2026-05-15 14:57:32.174 -0700,DEMO_2026_SCENARIOS
DEMO_OIC_000029,91029,91039,50,1,340.00,0.00,340.00,2026-04-28 10:00:00.000,FALSE,2026-05-15 14:57:32.174 -0700,DEMO_2026_SCENARIOS
DEMO_OIC_000030,91030,91040,50,1,40.00,0.00,40.00,2026-03-10 10:00:00.000,FALSE,2026-05-15 14:57:32.174 -0700,DEMO_2026_SCENARIOS
DEMO_OIC_000031,91031,91041,50,1,55.00,0.00,55.00,2026-04-22 10:00:00.000,FALSE,2026-05-15 14:57:32.174 -0700,DEMO_2026_SCENARIOS
DEMO_OIC_000032,91032,91042,50,1,25.00,0.00,25.00,2026-05-05 10:00:00.000,FALSE,2026-05-15 14:57:32.174 -0700,DEMO_2026_SCENARIOS
DEMO_OIC_000033,91033,91043,410,1,70.00,0.00,70.00,2026-02-28 10:00:00.000,FALSE,2026-05-15 14:57:32.174 -0700,DEMO_2026_SCENARIOS
DEMO_OIC_000034,91034,91044,210,1,85.00,0.00,85.00,2026-04-10 10:00:00.000,FALSE,2026-05-15 14:57:32.174 -0700,DEMO_2026_SCENARIOS
DEMO_OIC_000035,91035,91045,50,1,200.00,0.00,200.00,2025-08-10 10:00:00.000,FALSE,2026-05-15 14:57:32.174 -0700,DEMO_2026_SCENARIOS
DEMO_OIC_000036,91036,91046,50,1,180.00,0.00,180.00,2025-09-15 10:00:00.000,FALSE,2026-05-15 14:57:32.174 -0700,DEMO_2026_SCENARIOS
DEMO_OIC_000037,91037,91047,50,1,190.00,0.00,190.00,2025-10-20 10:00:00.000,FALSE,2026-05-15 14:57:32.174 -0700,DEMO_2026_SCENARIOS
DEMO_OIC_000038,91038,91048,50,1,86.96,0.00,86.96,2026-03-01 10:00:00.000,FALSE,2026-05-15 14:57:32.174 -0700,DEMO_2026_SCENARIOS
DEMO_OIC_000039,91039,91049,50,1,86.96,0.00,86.96,2026-04-15 10:00:00.000,FALSE,2026-05-15 14:57:32.174 -0700,DEMO_2026_SCENARIOS
DEMO_OIC_000040,91040,91100,10,1,35.00,0.00,35.00,2026-01-05 00:00:00.000,FALSE,2026-05-15 14:57:32.174 -0700,DEMO_2026_SCENARIOS
DEMO_OIC_000041,91041,91101,10,1,35.00,0.00,35.00,2026-01-19 00:00:00.000,FALSE,2026-05-15 14:57:32.174 -0700,DEMO_2026_SCENARIOS
DEMO_OIC_000042,91042,91102,10,1,35.00,0.00,35.00,2026-02-02 00:00:00.000,FALSE,2026-05-15 14:57:32.174 -0700,DEMO_2026_SCENARIOS
DEMO_OIC_000043,91043,91103,10,1,35.00,0.00,35.00,2026-02-16 00:00:00.000,FALSE,2026-05-15 14:57:32.174 -0700,DEMO_2026_SCENARIOS
DEMO_OIC_000044,91044,91104,10,1,35.00,0.00,35.00,2026-03-02 00:00:00.000,FALSE,2026-05-15 14:57:32.174 -0700,DEMO_2026_SCENARIOS
DEMO_OIC_000045,91045,91105,10,1,35.00,0.00,35.00,2026-03-16 00:00:00.000,FALSE,2026-05-15 14:57:32.174 -0700,DEMO_2026_SCENARIOS
DEMO_OIC_000046,91046,91106,10,1,35.00,0.00,35.00,2026-03-30 00:00:00.000,FALSE,2026-05-15 14:57:32.174 -0700,DEMO_2026_SCENARIOS
DEMO_OIC_000047,91047,91107,10,1,35.00,0.00,35.00,2026-04-13 00:00:00.000,FALSE,2026-05-15 14:57:32.174 -0700,DEMO_2026_SCENARIOS
DEMO_OIC_000048,91048,91108,10,1,35.00,0.00,35.00,2026-04-27 00:00:00.000,FALSE,2026-05-15 14:57:32.174 -0700,DEMO_2026_SCENARIOS
DEMO_OIC_000049,91049,91109,10,1,35.00,0.00,35.00,2026-05-11 00:00:00.000,FALSE,2026-05-15 14:57:32.174 -0700,DEMO_2026_SCENARIOS
DEMO_OIC_000050,91050,91110,10,1,35.00,0.00,35.00,2026-05-25 00:00:00.000,FALSE,2026-05-15 14:57:32.174 -0700,DEMO_2026_SCENARIOS
DEMO_OIC_000051,91051,91111,10,1,35.00,0.00,35.00,2026-06-08 00:00:00.000,FALSE,2026-05-15 14:57:32.174 -0700,DEMO_2026_SCENARIOS
DEMO_OIC_000052,91052,91200,210,1,30.00,0.00,30.00,2026-01-10 00:00:00.000,FALSE,2026-05-15 14:57:32.174 -0700,DEMO_2026_SCENARIOS
DEMO_OIC_000053,91053,91201,210,1,30.00,0.00,30.00,2026-01-24 00:00:00.000,FALSE,2026-05-15 14:57:32.174 -0700,DEMO_2026_SCENARIOS
DEMO_OIC_000054,91054,91202,210,1,30.00,0.00,30.00,2026-02-07 00:00:00.000,FALSE,2026-05-15 14:57:32.174 -0700,DEMO_2026_SCENARIOS
DEMO_OIC_000055,91055,91203,210,1,30.00,0.00,30.00,2026-02-21 00:00:00.000,FALSE,2026-05-15 14:57:32.174 -0700,DEMO_2026_SCENARIOS
DEMO_OIC_000056,91056,91204,210,1,30.00,0.00,30.00,2026-03-07 00:00:00.000,FALSE,2026-05-15 14:57:32.174 -0700,DEMO_2026_SCENARIOS
DEMO_OIC_000057,91057,91205,210,1,30.00,0.00,30.00,2026-03-21 00:00:00.000,FALSE,2026-05-15 14:57:32.174 -0700,DEMO_2026_SCENARIOS
DEMO_OIC_000058,91058,91206,210,1,30.00,0.00,30.00,2026-04-04 00:00:00.000,FALSE,2026-05-15 14:57:32.174 -0700,DEMO_2026_SCENARIOS
DEMO_OIC_000059,91059,91207,210,1,30.00,0.00,30.00,2026-04-18 00:00:00.000,FALSE,2026-05-15 14:57:32.174 -0700,DEMO_2026_SCENARIOS
DEMO_OIC_000060,91060,91208,210,1,30.00,0.00,30.00,2026-05-02 00:00:00.000,FALSE,2026-05-15 14:57:32.174 -0700,DEMO_2026_SCENARIOS
DEMO_OIC_000061,91061,91209,210,1,30.00,0.00,30.00,2026-05-16 00:00:00.000,FALSE,2026-05-15 14:57:32.174 -0700,DEMO_2026_SCENARIOS
DEMO_OIC_000062,91062,91210,210,1,30.00,0.00,30.00,2026-05-30 00:00:00.000,FALSE,2026-05-15 14:57:32.174 -0700,DEMO_2026_SCENARIOS
DEMO_OIC_000063,91063,91300,410,1,40.00,0.00,40.00,2026-01-08 00:00:00.000,FALSE,2026-05-15 14:57:32.174 -0700,DEMO_2026_SCENARIOS
DEMO_OIC_000064,91064,91301,410,1,40.00,0.00,40.00,2026-01-23 00:00:00.000,FALSE,2026-05-15 14:57:32.174 -0700,DEMO_2026_SCENARIOS
DEMO_OIC_000065,91065,91302,410,1,40.00,0.00,40.00,2026-02-07 00:00:00.000,FALSE,2026-05-15 14:57:32.174 -0700,DEMO_2026_SCENARIOS
DEMO_OIC_000066,91066,91303,410,1,40.00,0.00,40.00,2026-02-22 00:00:00.000,FALSE,2026-05-15 14:57:32.174 -0700,DEMO_2026_SCENARIOS
DEMO_OIC_000067,91067,91304,410,1,40.00,0.00,40.00,2026-03-09 00:00:00.000,FALSE,2026-05-15 14:57:32.174 -0700,DEMO_2026_SCENARIOS
DEMO_OIC_000068,91068,91305,410,1,40.00,0.00,40.00,2026-03-24 00:00:00.000,FALSE,2026-05-15 14:57:32.174 -0700,DEMO_2026_SCENARIOS
DEMO_OIC_000069,91069,91306,410,1,40.00,0.00,40.00,2026-04-08 00:00:00.000,FALSE,2026-05-15 14:57:32.174 -0700,DEMO_2026_SCENARIOS
DEMO_OIC_000070,91070,91307,410,1,40.00,0.00,40.00,2026-04-23 00:00:00.000,FALSE,2026-05-15 14:57:32.174 -0700,DEMO_2026_SCENARIOS
DEMO_OIC_000071,91071,91308,410,1,40.00,0.00,40.00,2026-05-08 00:00:00.000,FALSE,2026-05-15 14:57:32.174 -0700,DEMO_2026_SCENARIOS
DEMO_OIC_000072,91072,91309,410,1,40.00,0.00,40.00,2026-05-23 00:00:00.000,FALSE,2026-05-15 14:57:32.174 -0700,DEMO_2026_SCENARIOS
